PC1,PC2,PC3,PC4,PC5,PC6,PC7,PC8,PC9,PC10,PC11,PC12,PC13,PC14,PC15,PC16,PC17,PC18,PC19,PC20,PC21,PC22,PC23,PC24,PC25,PC26,PC27,PC28,PC29,PC30,person,dataset,y
0.0005520208132905296,0.0011717569727573618,0.0034889810837056027,-0.003435516450735186,0.00039328008495434903,-0.013274689914981921,-0.12552309370006443,-0.11769333771880912,-0.008544149353192925,-0.017158695061945114,-0.021133624821789987,-0.007129463598073588,-0.0004729976148481951,-0.004757204819113777,0.0030698501418894896,-0.006822815651437327,0.013563972203903915,-0.005386296317520111,-0.006566460692340754,0.008258029468269805,-0.006894138857876349,-0.01123933097044439,0.0086059740854316,0.013724995726512347,0.006611242601785836,-0.06591796841001234,0.02024920139211126,-0.002724491253742385,0.012687820598645,-0.01262012900615633,C-04-52,GSE182622,0
0.0002417369256816725,-0.0021399009456708356,-0.011649890168245526,-0.008197167726733037,0.0039987408884783774,0.0001724181721625017,-0.16988833434682551,0.013263285126614021,-0.011807364922860103,-0.031198481434597636,-0.023509453256829693,-0.0019389160274084854,-0.0016329012148325421,0.0014812560112237763,-0.009229662200912531,-0.004651003554278485,-0.015303058895515323,-0.009914655242223364,-0.008112832603614272,-0.007882423907598766,-0.0018083472225576148,-0.009122313129095068,-0.000810118010434384,0.00022335620427914148,-0.007651165466379673,-0.05115947132176635,0.02619036843130877,-0.0047728499726052915,-0.013565726254150447,-0.014542402974440607,C-06-57,GSE182622,0
0.0007173093683098185,-0.026248042855310225,-0.008239598145256153,-0.006038691531652086,-0.0008017480179948942,-0.011287015253636989,-0.05051310086316676,0.011881212794450096,-0.01807633213654552,-0.031579210573415256,-0.024642571290095783,-0.0006817367113964145,-0.008126351344490619,-0.007119741049296029,-0.019578791312991686,-0.0053680058254683615,-0.02062227081058631,-0.013333271881020108,-0.009441331734708496,-0.021582744854335617,-0.005204893981036085,-0.02000377991613712,0.0029491848672892423,-0.010704532274679948,0.004390783182302569,0.04950447268900025,-0.040547674559655966,-0.0002935301786358832,-0.024862603942159035,0.041537329102492214,C-07-28,GSE182622,0
-0.0017201459618104238,0.001399684385186928,-0.0016397173617695858,-0.011815640719867957,0.0012236215527896548,0.000893244789955015,0.08153762202854016,-0.15278199531521322,-0.0023326171960452017,-0.032024031792087834,-0.022270374133681766,-0.012645468144896678,0.00047440962323981107,0.005618233880456714,0.014597877486187816,0.011712559426288289,-0.008980757790251651,-0.013826158193539622,-0.020004566975858947,-0.010746188407592823,0.00663899465551109,-0.016577222838221408,0.0026920233770758176,-0.0038766000927062325,-0.027407901078746775,0.0017651533000029034,-0.07236710362013928,-0.003581035653460956,0.006798530955637648,-0.009671709224808795,C-09-50,GSE182622,0
-0.0007391470060559355,0.0015007441226306862,0.0025168496734006606,-0.01802914033504564,-0.0006260897764765593,-0.0002464532230780364,-0.16397225444144117,0.018375502703655098,0.01174745526723826,0.008137824992991967,0.021319311724604943,0.005106669924433195,-0.004780768908585246,-0.006527226583063317,0.015844059900381836,-0.005371393012354343,0.0026229868814592293,-0.010677955164037932,0.0016364330716960418,-0.01898995027917776,-0.0028537558604163757,-0.010380816607194643,0.0007573628226726285,-0.006375544939970707,-0.03340512145115363,-0.08633499082124735,0.020749399230015373,-0.0043443999333341015,-0.03343198986295175,-0.014144881149422656,C-10-39,GSE182622,0
0.002743193266623531,-0.001142701039679355,0.002602394632798245,-0.01595883177484753,0.00039275475673564603,0.0022773137119385294,-0.06369418211158354,-0.13917406904810817,0.0012483133195770458,-0.01397774086995071,-0.013024035657079578,-0.007928181526361796,0.0008892515324441756,0.000553090036918473,0.016214647342295305,-0.002118101181154147,-0.001428460445302656,-0.013123240111190143,0.0036739032308184785,0.0020986386014976563,-0.005727832324184802,-0.013766959033929715,-0.01763878251095523,-0.010714821298269832,0.007883478505924513,-0.01211526770768516,-0.04272409096441897,-0.0038447854138577604,-0.02001609874935215,-0.013376076209487393,C-12-44,GSE182622,0
-0.010646121596535033,0.0015631046827604999,-0.02005186372306532,0.0035874259558145135,-0.001899011114139405,0.004388733849052854,-0.07082129052753364,-0.13405714804472316,-0.000685029050953453,-0.012154111369223891,0.002879306432499671,0.005871227990422087,-0.004217457641945585,-0.005199717138895819,-0.0016036586469488664,0.0013476613840671485,-0.000451966672072947,-0.012337524310800894,0.0009880109699801026,-0.012605626349663545,-0.00046622757646128506,-0.013344983545045888,0.0017746936281821909,-0.011348009306090513,-0.009427933276560446,0.009408265097261845,-0.04293289591544099,-0.002123807182260537,-0.0075945952424757235,-0.011756730799030984,C-14-42,GSE182622,0
-0.007438436888700772,-0.00710927534429206,-0.011587665779750568,0.003145250609087294,-0.002306471092728007,0.0003856531792442714,-0.1548169911125378,0.036571102184111366,-0.018855099060380406,-0.017105095820713557,-0.01347466074956222,-0.009013626792664165,-0.0016736053913195418,-0.006269355055514614,0.021081933396437245,-0.005045831835145665,0.02149248219287212,-0.0135107636391457,-0.015239050354052888,0.023819542981087682,-0.0037362043853771546,0.00538619808299346,0.0036529305772837243,-0.009913334664354968,-0.010442264819302197,-0.072305243660128,-0.027002553636398318,-0.0037718372340459433,-0.01477492635598051,-0.010060078570849118,C-15-46,GSE182622,0
-0.005955399380956364,0.004950432197533907,-0.013601084536383784,-0.002761777366372246,-0.0016291876396300814,0.0015428802584742094,-0.13804317906848834,-0.09215124188917494,0.000666510661530544,-0.010184818316902631,0.0009032110191274903,-0.006957802817708954,-0.003976229329873552,0.005040472196796688,-0.021102577546700734,-0.006270729368677661,-0.011109340389353814,-0.012484609483858107,0.00013984364524330324,-0.01705731434670099,-0.003798182919113212,0.017295021370006172,-0.00037938111629897504,-0.005470825725334009,0.00022916907035745019,-0.06434447751837451,-0.021777437132410853,-0.0010616410017922253,-0.021161269720308438,-0.012406312844482483,C-15-60,GSE182622,0
-0.007849713555188783,0.000532641743367057,-0.01238448828115161,-0.0064573824051894655,-0.0032058490237863954,0.000800109799751576,-0.15693769251945308,0.011642257263662253,0.007553359980919781,0.026776207427085613,0.001811198236553546,-0.005956448007008951,-0.0065960848879175835,0.00564962196931823,-0.015377395359314297,-0.007122098454755349,-0.017063312917497953,-0.009776564585260899,0.004702682793986977,-0.017247389227270742,-0.003957673428596074,0.014826734726505015,-0.0014436617873025551,-0.005026255401919499,0.007678939763645152,-0.07245800735644446,-0.029026622110428182,-0.0006496284556286658,-0.03395444807431297,-0.012400316906194895,C-15-78,GSE182622,0
0.005582752889457305,0.009694768039899387,0.021997142630192316,0.010816526121247326,0.0010383925716404253,-0.00034625286358915116,0.21285728459888953,0.03543663057974811,0.003002490111362787,-0.001413151081679966,0.0013169244167588112,-0.0026251513690591895,0.002335115455673316,0.012827161447259518,-0.006503524273160015,0.0005736232730572597,-0.01370697125468064,0.014097840283333107,-0.003831520338185054,0.023124641739679246,0.009697635409244194,-0.007654470383767954,-0.007280871755067473,-0.00336490974849853,0.006826334044634613,0.020349512796631917,0.03150010366413664,2.326060858122709e-05,0.017520132154376422,-0.005808728807942499,PD-03-43,GSE182622,1
-0.0009216974539444948,0.00931645038755702,-0.0026675189953754342,0.013139474850555524,0.006017168122833658,0.006701991605432006,0.25747690377147986,0.0340935418292895,0.005352994799162885,-0.0008954954972296402,0.006285932253929157,-0.0014978528017674118,-0.0005555926411308383,0.001818871653541013,0.023932123577093078,-4.200084815410359e-06,0.0007848011742474926,-0.004085749858544772,0.005851181010483565,0.00013052519844124978,-0.003353222618205448,-0.005956375107876806,-0.0014242714255790169,-0.0012970951590681866,0.01780424947639521,-0.0440761089588423,0.05355281332482124,0.0027905398769902156,-0.0051782858956944565,-0.001053375454005752,PD-03-45,GSE182622,1
0.000411905315788389,-0.000823564502838153,-0.003531443673691326,0.010333290010173558,0.004846817408756141,0.0035392686940915363,0.16384782767823292,0.07623442312593852,-0.010246009601282382,-0.003886909170873637,-0.008344476663347018,0.011361494233084402,0.0029936475365507278,-0.0007194632670944369,-0.0017746102997576588,0.007453796428012437,-0.006332063840853675,-0.005435255091082611,0.006914378075251509,0.0006626635049005718,0.0044081807927164275,0.000757223385919605,0.015492065140714913,-0.002420839208732248,-0.0038068517356709473,-0.00883170717299111,0.056930030267209164,0.004818130668995005,0.017148471695849418,-0.004917698773797289,PD-06-44,GSE182622,1
0.004989923112396807,-0.011160260514298859,0.015401756502354026,0.00789284846116373,0.004340601690879906,0.004836619126804715,0.28148433661182254,0.03492216710340352,0.004945487537015772,-0.00331537683535748,0.00367334682747992,0.010195923764155925,0.0025360008598614933,0.003885151936543616,0.008573222187836715,5.703615075324663e-05,0.003284498981399002,-0.003995761681574852,-0.0008085552365174887,0.0008546575824231324,0.0015957608271167565,-0.00816116107879981,0.005763991182230913,0.003885598457332852,0.00494221039355613,-0.013567657334006354,0.049308845084838404,-0.0005111438893975161,-0.0032745081398047595,-0.005492838711439626,PD-10-27,GSE182622,1
0.005437666003365649,-0.011679355708508305,0.009528686263723038,-0.0006953148184659053,0.004194394911852808,0.0075144323545667845,0.2182421210850189,0.03189354901820145,0.0064212402303868875,-0.0011413399344949663,0.0029011993962002537,0.008546706649579653,0.0028368998075750346,0.0018374749329307196,-0.004746091134099401,0.006362451477102761,0.000994755697822012,0.029242005291842173,-0.00696662966643287,0.021595633015385488,0.007583122091865828,0.025120733124620934,0.005771279405401498,0.016528423802239386,0.003640083491324353,0.007046651882159297,0.0368183752880059,0.0002688577764341703,-0.003638102947562626,-0.0053771878278680504,PD-10-83,GSE182622,1
0.004300488185851585,0.005386081122523137,0.021482819685050617,-0.005068313326665221,0.00021397757432770336,0.008194220286592242,-0.0821259838540417,0.027166151376034838,0.0051411798027623705,-0.008165422494598644,0.007839984225832345,0.013965381244392758,0.0006590405389179175,-0.0036878120662591145,0.028606610165841165,0.00047946846116277955,0.025720011460198755,0.049843763935653075,0.00757647343391874,0.028668915135976095,0.0015091136898409817,0.028186811000599613,0.003576240336951812,0.02441485810490128,0.008485809679245018,0.0916040723009368,-0.01153016659087322,0.007611651260077753,0.02385747590287497,-0.003830179617853596,PD-11-110,GSE182622,1
0.03764892380580825,0.005880648621039558,0.026030225243194823,-0.009077972574261758,0.0007629396734741597,0.008290648158559788,-0.07685635512641031,0.02798726570831089,0.005040709511116645,0.04173510188115072,0.008644874669258692,0.010163580925913586,0.003789892353128117,0.0033061559480670067,-0.0014610896026392014,0.00030670078949396513,0.007687281793434205,0.05861346918776523,0.007381308426869951,0.010687830987524441,0.010256347614608249,0.03919858722540529,0.0033116910445950467,-0.0005640188443846825,0.002712120976342886,0.04544423850178624,-0.001965988671582399,-0.0008063508035059896,-0.00792289203982413,-0.009143154424066428,PD-12-22,GSE182622,1
0.0010231998720025052,0.00560990412146427,-0.006617968085960814,0.009376602230347635,0.00469034204942764,0.004577952775097264,0.2512931873976766,0.03377567936698798,0.005187475073058026,-0.003936486273773262,0.003842458879366756,0.007071811092671824,0.002488141939570212,-0.0030317087516250293,0.03159242119424951,0.005028955696694603,0.028854266759415593,0.040414055041411816,0.009834922967498074,0.000973286428512967,0.0029137298707655928,-0.005854544460516692,0.01163785614960736,-0.0012828402101034374,-0.020283071604829436,-0.014800220450999402,-0.01573129544470301,-0.00034197265648694885,-0.004855055179145651,-0.00436836482750986,PD-12-33,GSE182622,1
0.003624509778497356,0.009531830907900357,0.008192183888284575,-0.010236672263904878,0.007553720649080599,0.0125045169464597,-0.08356302138836517,0.03275221733877881,0.015962992225869874,0.05973751806895677,0.01615109680168621,-0.0004741171838910415,0.0036560326647747075,-0.00180301617003673,0.028452791360109954,0.012600259547974703,0.004018021711248825,0.03300157179524582,-0.0032384003643170095,-0.012177219231600775,0.0001711148482204708,0.003455330744105118,-0.011319035941004607,-0.0014875633457064105,0.004011377045198961,0.08417997346267393,0.02680505946215859,-0.0002456148257921439,0.0250347860253479,0.056230476402218274,PD-12-55,GSE182622,1
-0.0033900360747328656,0.007426755685173084,-0.006909572446838214,0.00828738717129886,0.0012963289704915738,0.010140662071254533,-0.022699308228532396,0.0300174181377221,0.0011356488440669452,0.023471497136546393,-0.0065243677538132,-0.0011710667863927095,0.0031334263642562787,0.007715473443086977,0.008653979861718647,0.00418093026632598,0.0024341676024962093,0.04610072839375734,0.0091781292646413,0.036310923626958765,0.009721653741958828,0.027759747787568564,-0.00658786502041007,-0.003901030916939508,0.010229460321643732,0.08615987897336698,-0.027796642544384104,0.00783481889507563,0.027553895112044154,0.06031969906076318,PD-13-29,GSE182622,1
0.003023572387236141,0.006380411673211043,-0.002451869772232174,0.02045088278013973,0.004403854145004641,0.00697926646590344,0.23879565647822426,0.04159232626786573,0.006145146246642808,-0.005433834939741766,0.00619875655712671,-0.002803408739670341,0.00019929432516055214,-0.0027060719127510497,0.03182278629248369,-0.00021377058667308664,0.022823164602656938,-0.0054257752266725755,0.005661995482386355,0.0011539376190240975,0.0021357167140230266,-0.005776512673348481,0.005740808402112033,-0.004464411662085805,0.0044870854305711855,0.02021430266536779,0.013973120741670859,-0.00044828807584277154,0.01965966264287633,-0.006035083370496587,PD-95-19,GSE182622,1
0.0048834919053695565,0.006221141863930481,-0.0036160499483150668,0.040243685239707644,0.0034624029442295637,0.009144775176845029,-0.03837294422630256,0.06070798551317886,0.006833287031958888,-0.003494614695665933,0.008698867786358878,0.007226629309869046,0.0027278595847601327,-0.0013478034985649602,0.030622392977496124,-0.001434158947184698,0.025253500306603473,-0.0074570881918120755,-0.00018797958806190729,-0.004926273047087556,0.003392620017630335,0.00038544255639388246,0.003757748119020044,-0.0008608560413289583,0.005072110218633508,0.09240798604786343,0.03734970328728619,-8.115809254089506e-05,0.019829725408204536,-0.0063597080583019374,PD-96-36,GSE182622,1
-0.010864092677958768,-0.02476237321244091,0.00884548088388595,-0.019437013952494295,-0.001995949786455485,-0.006453449104838295,-0.13697592005592044,0.012091569038136718,3.2759266663359243e-05,-0.013918976917450972,-0.028143409157172988,-0.009015896952737286,-0.0008331480905493458,-0.008558499694276337,-0.028211063830583017,-0.00715900136019974,-0.01526762738736631,-0.014451510588400133,0.002055041420177883,-0.007437124662829746,-0.0038947602656189025,-0.01651051030492692,-0.0006977924754631222,-0.011336529043800682,-0.0016115768528850842,-0.04100782911580029,-0.03677106027287933,-0.003428481613765446,-0.014125438179341289,-0.014073094092535963,C-1074p-SNc,GSE20141,0
-0.011327260122411127,-0.024794302651169123,0.010043687499548407,-0.01889381021867392,-0.002175744058461423,0.0022037127219106975,-0.1556222340727547,0.01197889237703812,0.000152784233050014,-0.013806382990514846,-0.02729063672625867,-0.008993955121892782,-0.0006869998659517323,-0.007976499395665365,-0.02852464278984435,-0.00697143488602839,-0.012030372058399233,-0.015004679600814282,0.0016700565540870855,-0.008688769917184822,-0.0011051946421288975,-0.01450097606449522,-0.0005886209901319489,-0.010750431484122093,-0.0013770819667414638,-0.04141368085477768,-0.03460995472657215,-0.0029395844634861434,-0.013512393037616954,-0.01438076971936442,C-1271p-SNc,GSE20141,0
-0.001262137531608953,0.0012378638857877202,-0.01304350931516372,-0.012871475816880881,-0.003504970022742844,-0.023068687573948466,-0.13143998025428222,0.013233650247661276,0.002002570339022497,-0.03568215952022504,-0.02969684797360186,-0.015136813393703064,-0.0040779014506277435,-0.0070650196085794564,0.019479649586974696,-0.01436173342677024,-0.02039512900913982,0.029343919026088773,-0.006407936559863995,-0.023193682248511815,-0.0031019857633346045,-0.014840249022273894,-0.0007529557545023807,0.016275997641192707,-0.00010241760291593776,0.017822964073909067,0.0024479072787975766,-0.002587677886801834,-0.01368485224048239,-0.0124836791433003,C-2829-SNc,GSE20141,0
-0.009785014506694258,-0.016122306472688305,0.023370537479468594,-0.01666198448947093,0.0004739278393742071,-0.007461839881808528,-0.14667636511749735,0.02079256975333269,-0.0004909274508676195,-0.029629161245101704,-0.0019326530981984837,-0.008118777842036386,-0.0003008222790902623,-0.008455960316570263,-0.026723944655056345,-0.00610513437371185,-0.012077490832466285,-0.013107403932520691,0.002085571736846188,0.0025062519478849217,-0.004796259922202019,-0.014958852133030658,-0.0005808275219230484,-0.013333897438086608,0.00022662846928850865,-0.03956056133264185,-0.03397978685124631,-0.0035533160044185228,-0.014307987918788519,-0.011651490649905439,C-3132p-SNc,GSE20141,0
-0.0016458698256092692,0.0031376570111234,-0.01971792061474218,-0.006482694516793393,-0.002062347399648325,-0.004952929532412591,0.06966372972204979,0.01756296905627613,-9.628394608239957e-05,-0.03295908692196826,0.006271675466086425,-0.00041434630767872484,-0.007628982791278636,-0.007089046563745948,-0.01434973356864188,-0.011865755440758855,-0.022791483126004514,-0.013846987901656945,-0.02333904584951061,0.007920108550674303,-0.023221585866943114,-0.023175879804731507,-0.03051079443252873,-0.01462263962874399,-0.022044812879411357,0.008533334083168063,-0.05686855872082114,-0.002693211220185036,-0.010777440075894791,-0.011849315993413137,C-3397-SNc,GSE20141,0
-0.0002097235143934802,0.0014052398041088552,-0.02204963517046612,0.011144011225525665,-0.006746245853752076,-0.00888532932837157,-0.14770765517772566,0.02121287793194621,-0.008603899802447275,-0.018371202735949985,0.001030847536273679,-0.008107234160111639,-0.0004945523589662709,0.0018016721765933498,-0.0265035932727568,-0.004665754083489616,0.0015783792009996698,-0.012783712771781744,-0.005432664529575269,-0.020073051622585467,0.001752640405318716,-0.013611496513810512,-0.005396507978206462,-0.013910386821259125,0.0024194762488604898,-0.04952676792826221,-0.033779928584781314,-0.002367525528376113,-0.01563313882357915,-0.010402417008806033,C-3543-SNc,GSE20141,0
0.0013784067557379319,0.0015805155234051185,-0.024372374679791965,0.004332757369872677,-0.0010591663899198061,-0.009659190436996859,-0.08399633502512377,0.013807827566590967,-0.013164242071911282,-0.01328630152602287,0.012545216457321533,0.004603727538326044,-0.002883343260314529,-0.0015304176157866093,-0.027682448502892455,-0.0047493425530936596,-0.0023173481826335137,-0.014024700938631365,-0.011501169991442956,-0.024253239377287763,-0.0012514275304199428,-0.016979800268165476,-0.00023892916916060032,-0.011452302698278932,0.0028115013904783112,-0.05303566541706669,-0.04968528010607942,0.004195724256439689,-0.015606845546062915,-0.011443084610916057,C-3603-SNc,GSE20141,0
-0.0008045748924934783,0.001496085244969261,-0.019854070851161656,0.007053629478927768,-0.005273907231865177,-0.008370187558968867,-0.14499427927636274,0.04050461691345324,-0.005195977023904387,-0.022249750521038038,-0.00958048944101431,-0.005998711258189278,0.0001902204748028913,0.001753777329730992,-0.02615429408346966,-0.005739273284372763,-0.002156095671519071,-0.009897972300905616,-0.007901540298055412,-0.01935784762781375,-0.0017202214230758314,-0.012717845022809406,-0.0032156811592906915,-0.015365833113587154,-0.001553797124827543,-0.06333825984909239,-0.03192363517783822,-0.0006001087252048439,-0.015162802824924161,-0.01578845273992684,C-5220-SNc,GSE20141,0
0.003723721588090929,0.01007674972410535,-0.0049854154713552985,0.0017400780937769512,0.003992746900060188,0.006851341638193842,0.14907209276046304,0.03594433344802578,0.008140396534080904,-0.005974245721346993,-0.005939508464032221,0.008783657740982723,-0.00033994716041815115,-0.0015219953671983847,0.029287544238681754,0.011478505681614735,0.014557184254287337,-0.009270090947812115,-0.006952030554670043,0.021761389554593325,0.01018207736124677,0.026993105050693668,0.003474248959467857,-0.0031821504001954557,0.010074881679526798,0.012367017176179202,0.04589491544678578,-0.0011656985089904424,0.018737793916268744,-0.004719978190933789,PD-1364-SNc,GSE20141,1
0.0017986574130678804,0.0065645068172503,-0.0038297087657719925,0.0022171950317327787,0.001360991921169901,-0.0034615184330732715,0.09582972492211399,0.03480841174736622,0.02299478470078332,-0.0023628481932649126,-0.014880689132630173,-0.0031426832042839945,0.0012732864346784415,0.007674675506023848,0.0022632555567521813,0.018869306489345292,0.029143621985093553,0.036530302124528506,0.008438287938505588,0.0008213973290656715,-0.0015557027300505794,0.015247025507869195,0.0054067035029750805,0.015027125227573854,-0.007735237310497233,0.022527461727617628,0.03927998069642997,0.0017913630433909254,0.01822323590617365,-0.004040192799762683,PD-1401-SNc,GSE20141,1
0.005308265300709537,0.00809668101667512,-0.011310836197604661,0.030242332962769156,0.0029043558441445455,0.015297195605145497,-0.02193724177707668,-0.0566322520112759,-0.0031463662052913155,0.06900648096005771,0.008712013872785557,0.010460318599284979,0.0037399116313848427,-0.002246824343507844,0.02655125948824452,0.02199335722811458,-0.002295604593907514,0.00019622718729477107,0.00937477518556185,0.006399514496859229,0.0003757380103993167,-0.007465388232762934,0.0059972697940292264,0.031115603246222978,0.004290007731768404,0.09959333732547389,0.04164725860972013,-0.00044391080366569643,-0.003943259636895541,-0.004797499334484808,PD-1647-SNc,GSE20141,1
-0.004828970409814103,0.009086274424281199,0.04544276139870581,-0.004050684029875995,0.0025017563533793557,0.014809118197253635,-0.05579163841642475,0.03158587784371465,-0.005871186534361514,-0.009806043592852637,0.032981639297767804,0.01147059166770317,0.002401751866558213,0.006695024862196528,0.007980967225934795,0.0013568523757004638,0.0017272536740343095,0.00016368172941912525,0.006075166815951023,0.033603326111306786,0.002238723274292461,0.018169263988510903,0.0030201230372391727,0.004393400126557155,0.003106606974704537,0.09858428394612162,0.046022406680131654,0.012361312842609048,0.0185415608661843,-0.00688848163675587,PD-2515p-SNc,GSE20141,1
0.004177016510640104,0.009461206798481864,-0.0037752596163626874,0.010181815904496789,-0.0002630343931414226,0.01865128749463982,0.16335771769147522,0.030201531983881702,0.004149531557523708,-0.0017110185277266405,0.010436415826488243,0.009085117490754456,0.0012998066221609286,-0.0007811672696629222,0.03476835000909599,0.021708087978191244,-0.012252968299418153,0.05036946889878214,0.007861696383000842,0.020417509579676366,0.009985732922219642,-0.0053809243380907425,0.014335190567987805,-0.0025375539408242446,0.011277281055185417,-0.037574316127251414,-0.01001478162001501,0.002704592566502282,0.01586963430393813,-0.004925247052456298,PD-2525-SNc,GSE20141,1
-0.0010630397847788658,0.01163057209322472,0.04260649756355055,0.0025195668635151647,0.0034009776160121054,0.009719005969911603,0.08806661728382754,0.004657892801934534,-0.004305063939004398,-0.003935039093557417,0.04297273164558823,-0.0038478761714646112,0.0004347401362917825,0.011484310059583284,-0.015130075468064011,0.0010757235639356558,0.028787374974031804,-0.007518124113322112,0.004468117175663987,-0.004147476889465709,0.002146153412938293,-0.007598301186625218,0.005580859790128929,-0.0059739205846567126,0.011844519256885995,0.009033928310915857,0.023053996920639235,0.008894566407427865,0.019154864589693753,0.0020686217554110485,PD-3769p-SNc,GSE20141,1
0.0003088780242004456,0.009400314426318,0.03512735859981762,0.0008421177764760131,0.005244898119362495,2.845334182582315e-05,0.12780319376030588,0.03117531065959431,-0.005845141738816849,0.03205796151452359,0.028154165327145517,0.006759252214369377,-0.0020230925112256328,0.01354692111384193,0.007777262883556753,0.006405624868698633,0.021762282284678868,0.019754493279298634,0.004777536554037752,-0.007455777293780373,0.0025446071626156366,-0.005527044890924204,0.006213996332921314,0.016504106247620012,-0.0033164656301116345,0.013822529698235992,-0.015049655454908622,0.001383272205515046,-0.005098364212686157,0.04600372629766695,PD-3790p-SNc,GSE20141,1
-0.005145795468755977,0.0063644427635464835,0.029419835325931343,-0.01300715905501791,0.0027352750423071713,0.00823393886783788,0.14889721103380305,0.03228268467798151,-0.0033044295177341995,0.04868799745580963,-0.003037324560479512,0.012734248482977115,0.002491199165767117,0.005014582670676274,0.00844096320624212,0.00040379416697268857,-0.005074880318367511,-0.003937113610687347,0.00941050518086308,0.0224079000872623,0.0033198443684506643,0.022885973766869957,0.0031471663752253454,8.837596063602688e-06,0.004188051386176119,0.017716200889381438,0.04753263438154514,-0.0016769233877695097,0.015502352397494206,-0.006559292410199181,PD-3803p-SNc,GSE20141,1
0.0069532814432230645,0.006236601866464861,-0.010304302192146696,0.006672838395419654,0.005335403796736786,0.008833754907326581,0.14951424248816958,0.03387284305018473,0.004298181199800572,0.04934537912238007,0.0054424858044202,0.008961749278059662,0.00298004739656626,0.0065746254858629035,0.009560695179861904,0.0020678887981625425,-0.0012215177686697907,-0.0054468468489151265,0.008289340470169921,0.007127148375234829,0.0007405876960956427,0.01925066511864609,0.003664542397450852,0.014744250695714672,0.004938219618508509,0.010133623995880395,0.047645476413781876,0.0004963827077840402,-0.004069371068414093,0.05044450313641217,PD-5138-SNc,GSE20141,1
0.014840605689541965,0.006247519227569776,-0.009348450011967997,0.00779704194956871,0.003078433226686629,0.0031022664650064875,0.09387643562701486,0.03695962314759096,0.004713587556220085,0.02515308066684215,-0.0002732478634435568,-0.0032351865451041876,0.002652611858843868,0.008265545342562412,0.01982568809510697,0.0005857835389519891,0.002544853540624786,-0.005202337318928789,0.00825431904625036,0.0018312276460818147,0.003132451020823122,0.017380332945527054,0.005560192037031297,0.005407679922220075,0.005818569300136495,-0.03206553215142243,0.04795620702733315,-8.4333548117257e-05,0.015792992862130952,0.06751476065949087,PD-5476-SNc,GSE20141,1
-0.005027794591681411,-0.008987677777081609,-0.010274892353363974,-0.023225478315584008,-0.0009877653335870428,8.517557597020596e-05,-0.08433232214367464,-0.030612057376997744,0.0004705483578045085,8.294926196352654e-05,-0.02729739490736784,-0.0017617162692996455,-0.0005617323275865366,-0.0068990204756103615,-0.02597721388221071,-0.004087944932776917,0.0013961891299116753,-0.01357130275074522,-0.003735351599869635,0.005062177558453853,-0.0032717840042816625,-0.020318873697578857,0.002086479130289847,-0.010407748508592968,9.24963360972126e-05,-0.035588445992604856,-0.0431506212550466,-0.002317077145481982,-0.014377308967334515,-0.013421769781959223,459A,GSE24378,0
-0.010008707628311901,-0.026280164393008842,-0.04672930010546,-0.05441494001729581,-0.0012870005904840871,-0.026927384483548537,-0.08463126854558782,0.013518930704775733,-0.019245302111031707,0.025733525976563695,-0.0004204428126092091,-0.008592398968641387,-0.0009573600701907579,-0.007780792973768297,-0.029903609041499597,-0.0055036904498038195,-0.005003731008950309,-0.01181540932052883,0.0028957694779100356,-0.021354158375435653,-0.0026148165332083957,-0.015229419833849138,0.0017747276033412565,-0.011219469696424863,5.270084260502933e-05,0.01406695668215059,0.024547137889959766,-0.0038084870378870587,0.00980888865819059,-0.015588062877797688,459B,GSE24378,0
-0.007894030958119002,-0.03483927284337324,-0.02882059853667277,-0.03439261545783259,-0.0007221399508685047,-0.020289399510370513,-0.09015878797524934,0.01564770504614854,-0.023819364779746395,-0.011119800421347652,-0.006090860404065603,-0.009084807348474205,-0.0033186727441557487,-0.007513668313297321,-0.03035291684739687,-0.004089214047750955,-0.005111263727607632,-0.01559434906045154,0.004409920578584551,-0.0259800741218823,-0.0016883244280459953,-0.009435664938608094,-3.7340863017232972e-06,-0.011294712510439741,-0.0001849769681679752,0.010239221751068294,-0.03696674033475116,-0.002723354541128764,0.01246093583934553,-0.014185717398868185,459C,GSE24378,0
-0.005293222239757577,-0.013718287389187402,-0.013504471937888403,-0.017243078456612434,-0.007511042138655566,-0.004957977010091553,0.014414839503840732,-0.012875701006529423,-0.0001669698466134555,-0.008876414195536506,-0.014805830725267706,-0.00712641926655454,-0.0013452115964027963,-0.002292535438937768,-0.024288517019576097,-0.0017652804029061042,-0.006364820504782593,-0.011019890366566606,-0.015050326369329821,0.016484192409237857,-0.008536315663944782,-0.015625683447007786,-0.0301285177018906,-0.00042169267396817184,-0.0012352342612246792,0.013910754013567256,-0.0828530144067304,0.0024166011848387086,-0.03078378845557597,-0.012353423629772773,459D,GSE24378,0
0.004066650182762575,-0.0028814359438533257,-0.008343423472964163,-0.025254592917078097,0.00489139226438804,-0.001309740913936654,0.22229495145550662,0.05073218685307775,0.004936214678925589,0.031908695702034626,0.004766026197198636,-0.0023616872303430596,0.002619973234055464,0.006562100301259574,0.02055717379395768,0.004291151149826545,0.00042975765564407604,-0.0029202223163268706,0.00865576632862857,-0.01047763427135307,0.00722673270473554,0.013818545018011729,0.006524672471182767,-0.002769639552533622,0.009652555881392754,0.007924488760132064,0.04721117157589019,0.0005235700501089452,0.013292744826823806,-0.004485423506981479,459E,GSE24378,1
0.0036704266115915557,0.00875408919262826,-0.00510131331442114,-0.02076867216122526,0.003851246808767692,0.005787912812949777,0.05627910427663574,0.05826413876977294,0.018908345067105415,-0.01597808685015317,0.040868933003854274,0.007980886259957914,0.002744495086531613,0.01016677414614892,-0.009308234259070678,-0.0005855222714130372,0.0053292860882375795,-0.0048187226522359615,0.0052083872296458875,0.00813599246073449,0.006235675413091941,-0.011686892048157649,0.005008086684378323,0.005967863832198702,0.0033906851043661733,0.01611213683814152,0.05974420700017745,0.0010883514827105508,-0.0063236996218268985,0.06315683996905005,459F,GSE24378,1
0.003263793216466984,0.004076563956010615,0.008057897966653028,0.013422461492094443,-0.0012061560765864261,0.00557196989788974,0.1883070098425185,0.03534530574639562,0.004652597084817542,0.038007716376757227,0.007359356212174046,-0.0005447447848771549,0.00022819128888191002,0.007838575748724885,0.024079686666310225,0.000279219115292848,0.00407844816117724,-0.0028880634023880996,0.006391612714348489,0.01980561425828698,0.0019975252148837315,-0.006660356378019371,0.0058263728429137325,-0.001493627162322419,0.010535376868809591,-0.023677741075530733,0.032375032683364904,-0.004859872615881009,0.015550846869683688,0.03636210823132207,515B,GSE24378,1
0.0014219375261241651,-1.3746511745187804e-06,-0.00981568253819796,0.004293342237872927,-0.013710566620666241,0.0011311618490863265,0.06797966849435462,-0.1053829203957006,-0.014965350526520626,-0.010598338789070244,-0.0054566238769676876,-0.008147037398744419,0.0004759979306949468,0.0036507991506912114,-0.0006295954345703516,-0.006356868644127797,0.0034772306256197994,-0.011320585088428276,-0.002977340945751878,0.0015732274470434213,-0.004491339149220951,-0.018332322400226402,-0.011978717851876214,-0.0036631809481654006,-0.0011320654499297163,-0.03878419587206461,-0.03614156739824891,-0.005370339899345419,-0.010288661442360411,-0.01437596897995575,515C,GSE24378,0
0.004613821020817569,-0.006771719221161647,0.01245240723875234,0.03841105390903499,0.013552311655937855,0.007350513167464299,-0.09090767859284293,0.026066783407521586,-0.0032020474721132963,0.07480494035950119,-0.0024127486948686584,-0.0006157833897816525,0.002896183939379774,0.0087719880531499,0.03398755434543599,-0.0018381381085202308,0.004502714487525276,-0.007380918300946413,0.001282070367956438,0.03753496554833872,0.0028597905481101077,-0.004613335788692891,0.004923854623048119,-0.0019070783360354388,0.005904197819297892,0.026928579283148374,-0.012293965167113865,0.00115599209461287,-0.005435141025007291,0.07746155318822394,515D,GSE24378,1
0.004132710814156054,0.007747964415436054,0.011883538240657646,0.013031917882196795,0.0019266019858465322,0.011999069315323543,-0.03326013422005395,0.060947454618016705,0.006970868008392509,-0.01479797663818236,-0.015113001385032066,0.01999041947015363,0.0035652163831169877,0.013525555323475533,0.02912846297680103,0.017776301679153752,0.002019694385377356,0.038537337707393426,0.006926241373095373,-0.0010414113417459563,0.0003195413676857776,0.014637299036037305,0.008525649504351621,0.02517660935733935,0.009318302588415955,0.040518058208325894,0.02556006708533193,-0.0015565278330955115,0.024628397915874078,-0.0059415072636720264,515E,GSE24378,1
0.004505919244957441,0.00940255764389358,0.01842005437688809,0.026388818485543586,0.0024889153188125766,0.0054711938185622085,0.09808494702711182,-0.015449338664233762,0.020043169062806957,0.023390769833011558,-0.003968379682816533,0.008459055400253383,0.004089231533294383,-0.0030869445432617714,-0.006684330430963861,0.003931882065174306,-6.77954990953333e-05,-0.006481302592686118,0.006702344970339616,-0.0032059566856979084,-0.0022914805050059275,0.034631659299343344,0.012400513070142035,-0.008260754723621758,0.006275928502257529,0.05950995486003112,-0.02227793579117316,0.0008509566358923239,0.019766385058883083,0.030042683871529946,515F,GSE24378,1
0.0021768627878059952,0.004300805500596872,0.0061020795181520515,0.025184774091763677,0.0008304180129374288,0.006004351568819427,0.22096563755331172,0.032179101574172995,0.0063973126030232265,0.001497301613069636,0.014378910280728139,-0.002314755363754831,0.0015717612702934867,-0.003065647127451357,-0.005972224135718078,-0.0003745915930723519,0.0007190078847225967,-0.004130362069820792,0.007031537192269289,-0.008332788003491198,0.0005917550432547423,0.02407520320689831,0.010515193099693385,-0.0011743449420425242,0.013654280274367941,0.021561842908956262,0.0446738942851465,0.0039198236468815555,-0.006091262715245481,-0.0017931570060958017,515G,GSE24378,1
-0.0005857608065992111,0.0018141090415577778,0.005947280104550974,0.01573742831699283,-0.008573530149542041,-0.000351555284225667,-0.09998067999413353,-0.11890533076122162,-0.004542689720944678,0.03286667204748299,-0.00980646326734257,-0.007888296569141497,-0.004663979462883607,-0.007246076698113269,0.008160869664123393,-0.004950151434622156,-0.0026967630522019455,0.016416906093787518,-0.00974954637496989,-0.0013614099707352145,-0.005106192367747647,0.0157811881034799,-0.006801793161512813,-0.00939310017840419,-0.028834208721418977,-0.07988220384292416,0.007525483042555615,-0.001902799522656756,0.010454507113917294,-0.011399191226933492,515H,GSE24378,0
-0.008429776990354021,-0.034370091222149825,-0.013785040967479447,0.017221119266003018,-0.002537846511999795,-0.022571410129604973,-0.16410535443752614,0.014229828343622403,-0.02246106011586716,-0.0100271392463593,0.001955813565132689,-0.010702776330422126,-0.004435580251528452,-0.007605066711019406,-0.0016905402050402996,-0.005915506316543412,-0.010122657631864825,-0.01222674667846028,0.001298332112556892,-0.009390308292191805,-0.0013777929306723914,0.01627249987862772,-0.013486499798626513,-0.00014639435557017486,-0.01780961214166047,0.021663080763945262,-0.0022146333851164736,-0.0038943337316712586,0.009784132338392856,-0.01503591692637964,515I,GSE24378,0
0.004630513674008842,0.003770653455571616,0.01670851270277248,0.026224589881932426,0.0012132907933920696,0.010912471834528956,-0.028476203637156024,0.04733472551400877,0.0060634278742507765,-0.017493875156761648,0.042178059008668854,-0.0020951986816863635,-0.0033161231405979138,-0.0049662375794685895,-0.004888546371209846,-0.0022609573350172367,-0.005769102834960481,-0.004344248410827677,0.007507718391292663,0.009989768095476465,0.00934433709000383,0.02750145371517542,0.006268486600620301,0.02297653633909217,0.007002527483634649,0.03565256535182179,0.04446685300380885,0.001949237417810535,0.025139006003108397,0.056858479876878705,515J,GSE24378,1
-0.00024289189597497728,0.0030951694796092005,0.008592071606917285,0.02124973486108601,-0.0012649957503267674,0.0011750148927775514,-0.0724765263021569,-0.07026228412116284,0.0027405291674686737,-0.00941288999847203,-0.02403317363479368,0.0007433950959091005,-0.004049763320830392,-0.007706488064644144,-0.011091164001541734,-0.00396034783847655,-0.010468186911827309,-0.013134278709955493,-0.009771085090480696,-0.01670288614578932,0.003583891377262052,-0.011957558481453289,-0.01961611839036515,0.0015785123844841093,0.0030933076883572705,-0.06420525815105947,-0.035968545269457065,0.0004724662573560067,-0.013468653117022111,-0.0114482766552642,515K,GSE24378,0
0.001293382493501258,-0.02108025133739418,-0.01636142072641168,-0.0049372519498359245,-0.0016914490750500227,-0.012676627440831258,-0.15432549186633623,0.013882743473711058,-0.018587408914814765,-0.013180078453762423,-0.009581041549151428,-0.008104017022660509,-0.006132606163652273,-0.0053494699082458,-0.023034504039108436,0.00048407596553249444,-0.004245276709715636,-0.012704786207015605,0.00561313615724003,-0.008694646150106261,0.007897213409836332,-0.01503744245105252,-0.0004897610868913264,-0.008077897696354008,-0.000685771489524996,0.0009193503976627661,-0.033327714316779534,-0.0026631856576266027,-0.009897966410659507,0.0008588856856699576,515L,GSE24378,0
0.00412390089383495,0.008609156190910591,0.012898565899517869,-0.0014096225752210317,0.0027757850915544674,0.008388828118332983,0.19424241795238084,0.033777708035185317,-0.010455339339884866,-0.010463084262496786,-0.0016638902979743161,-0.0033567299254054785,-0.002701390898038018,-0.002931072094815785,0.02471168229534263,-0.0018720188329484934,0.01810219949426615,0.02615718205876558,0.007690961729420447,0.009226845786297556,0.007404723612131034,0.01331873489278862,0.005033579312762448,-0.0042443135725120165,0.006595191229615862,0.050568652020246484,0.04220043018685001,0.00048730415899761107,-0.021127652265247068,-0.004006013934484759,Brain2,GSE169755,1
-0.007963531774540922,0.000818164686302607,-0.011829527706227298,-0.0004563838598045747,-0.0008982820172720867,-0.021716077809519365,-0.12902815966586959,-0.1345841488557255,-0.000938195689230083,-0.030944418802686755,-0.005998711586650225,0.0007476461940325436,-0.005385575174829337,0.00630861155223432,-0.013113915623357038,-0.0034377129015356945,-0.0024636737708461152,0.03057283245752526,-0.005529749054387609,-0.008199118575289844,0.0039010423233510933,0.006258778568420368,-0.018188875465601065,-0.012908786817184482,-0.01163227754395876,0.01955385705550758,0.012372972546438151,-0.0029145614490008044,0.010718132798470576,-0.013037633078592369,Brain3,GSE169755,0
0.004180470844471416,0.007150369092013248,0.014938150745623291,0.016651701540514426,0.0035248139497378577,-0.002249834863059001,0.19864487772966227,0.06171886853410804,0.004669657199113745,-0.0012461235754917788,-0.015338462212969736,0.009705300554360556,0.005731046084205709,-0.001444029316874683,0.027261094138471116,0.013018971224089316,0.00035647286581474784,-0.007428917754334877,0.009178789103062659,-0.0012263998871736193,-0.003517964608533508,0.02205786360038631,-0.01751886259409108,0.016969497772907835,0.013680802629552109,-0.017035762676264766,-0.028681550143673865,0.0037158729854209946,0.016092920170665163,-0.001476912171540944,Brain4,GSE169755,1
-0.006247974168249722,-0.014696315328558857,-0.007997820933715417,0.007160909594991251,-0.0006256561492365776,-0.008072360584820006,-0.15176709148695516,-0.10735643737569064,-0.0018075701088372917,-0.014318538983014089,-0.011474225785726778,0.0006228783632772782,0.00023854294051190906,0.003934186034112505,-0.020547260078746247,-0.002302402877761076,-0.003525507097389196,-0.009413493388686843,0.003088612225555294,-0.006435691504779999,0.004803411685965166,-0.007193265529991946,-0.002185516559762957,-0.011764281687078717,-0.0018487766706418525,-0.0538479634793948,0.02234860699039192,-0.0024216585896480575,-0.004229113331386717,-0.01103550517455941,Brain7,GSE169755,0
-0.0003814570197769601,-0.001975029596807372,-0.01329925162327297,-0.02028551636658495,0.0003359676996224186,-0.004542510613378826,0.09223711355375666,-0.11649936881167854,-0.009304312036780943,-0.009799573492429133,0.0008797861372645406,-0.006099721066419837,-0.005504235363377478,-0.007456912856394223,-0.014306610705590684,-0.003413437224030938,-0.0031303850169903413,-0.010675290600368311,-0.010211275097270127,-0.01564196732867013,-0.009501398102252992,-0.013812700163584513,0.0077223191119554675,0.009310998242170857,0.00048667540590408465,-0.04643284769254116,-0.08134677582618087,-0.0029402450771945426,0.009279012133579337,-0.009608329642504508,Brain11,GSE169755,0
0.0049002454943850885,0.004732449846334989,0.02409080974439681,0.01807324574497408,0.0032816200315754144,0.008881114307241403,-0.07903746112463388,0.05767659649297833,0.021145597652162583,0.08483404676388215,0.030938715724668907,9.182079340775372e-05,0.0026934600624919196,0.015376819252848001,0.0031341000408904216,0.007083382600384691,-0.007874761428844438,-0.001499605802112103,0.00414677044594805,0.03475929721118686,0.009175922385151592,0.0023329062245654587,0.018329328075188424,0.02456906953931471,-0.0045556410323425245,0.03272635055780986,-0.011034669809086057,-0.000888553305023595,-0.004711475412296547,-0.006288780117275414,Brain12,GSE169755,1
