cohort,method,cell_type,n,median_control,median_PD,auc,p
GSE7621,nnls,Oligodendrocytes,25,0.5311443645313726,0.5317537599193787,0.5,1.0
GSE7621,nnls,Astrocytes,25,0.2911269675121595,0.25292528830752636,0.4097222222222222,0.47914825725759425
GSE7621,nnls,Microglia,25,0.09848951987796017,0.12049648162548678,0.6527777777777778,0.22352896258794108
GSE7621,nnls,OPCs,25,0.04694119068250323,0.039952495167220686,0.38194444444444453,0.35023758481899414
GSE7621,nnls,Endothelial cells,25,0.016324336628462457,0.021844146833260608,0.6041666666666667,0.4117027470058471
GSE7621,nnls,Inhibitory,25,0.0,0.0,0.53125,0.5049850750938458
GSE7621,nnls,Pericytes,25,0.0,0.0,0.4444444444444444,0.2112995473337107
GSE7621,nnls,CADPS2+ neurons,25,0.0,0.0,0.53125,0.5049850750938458
GSE7621,nnls,DaNs,25,0.0,0.0,0.3888888888888889,0.062271131875694274
GSE7621,nusvr,Oligodendrocytes,25,0.46012702719651105,0.517489057449265,0.7083333333333335,0.09489787392476422
GSE7621,nusvr,Astrocytes,25,0.2722592612541273,0.2655546185216224,0.4444444444444445,0.6711254583898127
GSE7621,nusvr,Microglia,25,0.030149975423409168,0.041239124550537354,0.6597222222222222,0.20238264270498285
GSE7621,nusvr,Excitatory,25,0.0,0.0,0.5138888888888888,0.8804557252298884
GSE7621,nusvr,OPCs,25,0.058927684894469916,0.0651421783198543,0.6527777777777779,0.22352896258794108
GSE7621,nusvr,Endothelial cells,25,0.01673664866898085,0.03295755409106722,0.7291666666666667,0.06577555183717868
GSE7621,nusvr,Inhibitory,25,0.043192805204321096,0.0051669810440848314,0.375,0.3103781712471365
GSE7621,nusvr,Pericytes,25,0.017568295278859707,0.009918108728495339,0.2916666666666667,0.0942624152250116
GSE7621,nusvr,GABA,25,0.0,0.0011956423217850363,0.5034722222222222,1.0
GSE7621,nusvr,CADPS2+ neurons,25,0.005187008712144359,0.005083597817938807,0.4618055555555556,0.7770820064232064
GSE7621,nusvr,DaNs,25,0.05303234193500877,0.0,0.10763888888888891,0.0007777575944422223
GSE7621,music,Oligodendrocytes,25,0.32456914999902803,0.3345835459230905,0.5486111111111112,0.7128806637550735
GSE7621,music,Astrocytes,25,0.1715452494673987,0.19604030158543753,0.5625,0.6303617542453392
GSE7621,music,Microglia,25,0.06224996955113781,0.10005732575461355,0.6527777777777778,0.22352896258794108
GSE7621,music,OPCs,25,0.0,0.014085780041333061,0.65625,0.20546817138758566
GSE7621,music,Endothelial cells,25,0.02120946148698784,0.027460986890701897,0.5555555555555556,0.6711254583898127
GSE7621,music,Inhibitory,25,0.25682413688143413,0.26002822174221984,0.5,1.0
GSE7621,music,Pericytes,25,0.025516976258295826,0.027346270796369997,0.5902777777777778,0.47914825725759425
GSE7621,music,Ependymal,25,0.0,0.0,0.53125,0.5049850750938458
GSE7621,music,CADPS2+ neurons,25,0.0,0.006434657282510534,0.7708333333333333,0.018755310861900885
GSE7621,music,DaNs,25,0.06354453321780845,0.0,0.1527777777777778,0.002033297934603666
GSE20292,nnls,Oligodendrocytes,29,0.04736192950656372,0.051924972925277854,0.6060606060606061,0.3568382475534896
GSE20292,nnls,Astrocytes,29,0.13930893987384507,0.13401461153634833,0.398989898989899,0.3807801097604444
GSE20292,nnls,Microglia,29,0.26885167939705856,0.2735748581866439,0.6414141414141414,0.21644626728745286
GSE20292,nnls,Excitatory,29,0.0,0.0037422009818119696,0.6338383838383839,0.18046661228205985
GSE20292,nnls,OPCs,29,0.06277460758358955,0.06444285092140553,0.5202020202020201,0.8749979379042403
GSE20292,nnls,Endothelial cells,29,0.06395111745155617,0.06830263207616849,0.8080808080808082,0.006542562867816488
GSE20292,nnls,Inhibitory,29,0.15288887898573716,0.14397077737620642,0.3383838383838384,0.156828296926177
GSE20292,nnls,Pericytes,29,0.09278753958916075,0.09729741455375848,0.7828282828282828,0.01260115373527781
GSE20292,nnls,Ependymal,29,0.1468359064771398,0.15004306092793704,0.5909090909090909,0.4313086401061951
GSE20292,nnls,CADPS2+ neurons,29,0.016201634819620184,0.01719079417530732,0.5909090909090909,0.4313086401061951
GSE20292,nnls,DaNs,29,0.0,0.0,0.4722222222222222,0.4772893402694307
GSE20292,nusvr,Oligodendrocytes,29,0.18872232601023142,0.23211974953735995,0.6313131313131313,0.25173732588657827
GSE20292,nusvr,Astrocytes,29,0.33584184518330423,0.27772870151903006,0.30808080808080807,0.09189221109865607
GSE20292,nusvr,Microglia,29,0.03811068242891213,0.05200123378900538,0.5227272727272727,0.8558371128903662
GSE20292,nusvr,Excitatory,29,0.0,0.0,0.44191919191919193,0.5102418044515972
GSE20292,nusvr,OPCs,29,0.1589130503918526,0.17664490553008586,0.6363636363636364,0.233619658990177
GSE20292,nusvr,Endothelial cells,29,0.03587109662221139,0.08374649284130391,0.7424242424242424,0.03274229231667624
GSE20292,nusvr,Inhibitory,29,0.0,0.0,0.3888888888888889,0.10707713944315175
GSE20292,nusvr,Pericytes,29,0.06036762902062826,0.07127003007163953,0.6464646464646465,0.20020078287121656
GSE20292,nusvr,GABA,29,0.002523975964573449,0.0,0.43939393939393945,0.5777297766354015
GSE20292,nusvr,CADPS2+ neurons,29,0.015075058809051408,0.003991696744693766,0.41161616161616155,0.4353263817549905
GSE20292,nusvr,DaNs,29,0.06861900427930484,0.0634431391890941,0.4191919191919192,0.4857923841571563
GSE20292,music,Oligodendrocytes,29,0.060493250921213215,0.06339206184999603,0.6111111111111112,0.33386750568353574
GSE20292,music,Astrocytes,29,0.13865240751979357,0.138374917453277,0.43434343434343436,0.5742296569742573
GSE20292,music,Microglia,29,0.1299508228581278,0.1320289228904024,0.6616161616161615,0.156828296926177
GSE20292,music,OPCs,29,0.08015571833791091,0.08231890181561703,0.7575757575757576,0.023219344015853127
GSE20292,music,Endothelial cells,29,0.05848455032403875,0.06016450671394954,0.7777777777777777,0.014301783737846662
GSE20292,music,Inhibitory,29,0.25886603170441363,0.25338573870896297,0.3383838383838384,0.156828296926177
GSE20292,music,Pericytes,29,0.08961317379109554,0.09036615737881297,0.7222222222222222,0.05056187540177508
GSE20292,music,Ependymal,29,0.0794069736775036,0.08024102446498074,0.6616161616161617,0.156828296926177
GSE20292,music,CADPS2+ neurons,29,0.03784302787537817,0.0381273822012793,0.6262626262626263,0.27081262034153497
GSE20292,music,DaNs,29,0.06075953554169723,0.057555613161219814,0.22222222222222224,0.014301783737846662
GSE20163,nnls,Oligodendrocytes,17,0.1474342458152842,0.16295693898049457,0.611111111111111,0.4807075277663513
GSE20163,nnls,Astrocytes,17,0.3490255993816932,0.3103450146764959,0.16666666666666669,0.02064993829699712
GSE20163,nnls,Microglia,17,0.12473026045861678,0.13735360321477086,0.5416666666666667,0.8148087206910737
GSE20163,nnls,Excitatory,17,0.0,0.0,0.5625,0.3457785861511603
GSE20163,nnls,OPCs,17,0.20342277508720127,0.2143845295734953,0.5555555555555556,0.7429864253393665
GSE20163,nnls,Endothelial cells,17,0.048274534562888494,0.051842177152063934,0.7777777777777778,0.059234882764294526
GSE20163,nnls,Pericytes,17,0.04108314122905761,0.04588534533028402,0.5416666666666667,0.8148087206910737
GSE20163,nnls,Ependymal,17,0.0,0.0009177435035999493,0.7222222222222223,0.1063205573766899
GSE20163,nnls,CADPS2+ neurons,17,0.04896872553785221,0.05300500977722104,0.5972222222222222,0.5414232825997531
GSE20163,nnls,DaNs,17,0.019421059171829336,0.0,0.20833333333333334,0.03268695329786108
GSE20163,nusvr,Oligodendrocytes,17,0.19887297254483183,0.21516992818047362,0.5555555555555556,0.7429864253393665
GSE20163,nusvr,Astrocytes,17,0.40170458664004133,0.39201518477215963,0.4444444444444445,0.7429864253393665
GSE20163,nusvr,Microglia,17,0.012037955241395629,0.011821274380501422,0.5555555555555556,0.7361212634199744
GSE20163,nusvr,OPCs,17,0.21393265681295814,0.2250986472138939,0.5694444444444444,0.6729740847387906
GSE20163,nusvr,Endothelial cells,17,0.024074541469334406,0.044726654212391206,0.8888888888888888,0.005512134923899629
GSE20163,nusvr,Inhibitory,17,0.0,0.0,0.4027777777777778,0.4642587371038196
GSE20163,nusvr,Pericytes,17,0.0,0.0,0.5000000000000001,1.0
GSE20163,nusvr,GABA,17,0.0,0.0,0.4583333333333334,0.7653263280874609
GSE20163,nusvr,CADPS2+ neurons,17,0.051554068174684886,0.04617628648937791,0.3888888888888889,0.4807075277663513
GSE20163,nusvr,DaNs,17,0.041218024270903486,0.008602397032831915,0.013888888888888895,0.00089438748952918
GSE20163,music,Oligodendrocytes,17,0.16036025924474842,0.18343884881613293,0.7222222222222223,0.13879062114356233
GSE20163,music,Astrocytes,17,0.16155079456915192,0.1431560550162892,0.25,0.09271904566022213
GSE20163,music,Microglia,17,0.08291284311161673,0.09360337667447888,0.6527777777777778,0.3212669683257919
GSE20163,music,Excitatory,17,0.0,0.0,0.625,0.14421682435678668
GSE20163,music,OPCs,17,0.05335738779785712,0.06207608248287451,0.7222222222222222,0.13879062114356233
GSE20163,music,Endothelial cells,17,0.03626142115691121,0.04566949798663393,0.7777777777777779,0.059234882764294526
GSE20163,music,Inhibitory,17,0.37625349535490693,0.33441312147372776,0.33333333333333337,0.2765939942410531
GSE20163,music,Pericytes,17,0.033363671642473836,0.042650903602718664,0.9027777777777778,0.0037021801727684074
GSE20163,music,Ependymal,17,0.013850684246163378,0.02022900012078424,0.9305555555555556,0.0015631427396133276
GSE20163,music,CADPS2+ neurons,17,0.0,0.013903688428836446,0.8402777777777778,0.01824632801193968
GSE20163,music,DaNs,17,0.07657057156476063,0.0,0.09722222222222222,0.005059984068421069
GSE20164,nnls,Oligodendrocytes,11,0.5735148307463832,0.4750058573438428,0.3,0.32900432900432897
GSE20164,nnls,Astrocytes,11,0.15443989571937589,0.1919801903935069,0.6333333333333333,0.5367965367965368
GSE20164,nnls,Microglia,11,0.1542403312763946,0.1737900529956531,0.6,0.6623376623376623
GSE20164,nnls,OPCs,11,0.08205984805931946,0.07066770975052877,0.43333333333333335,0.7922077922077921
GSE20164,nnls,Endothelial cells,11,0.030635056759021888,0.04800038876693742,0.8666666666666667,0.05194805194805195
GSE20164,nusvr,Oligodendrocytes,11,0.45680997422258035,0.39900846915162813,0.36666666666666664,0.5367965367965368
GSE20164,nusvr,Astrocytes,11,0.2664570772433935,0.31291809217308947,0.6,0.6623376623376623
GSE20164,nusvr,Microglia,11,0.0,0.017778640662349868,0.6833333333333333,0.3501217384052011
GSE20164,nusvr,OPCs,11,0.08300786952708025,0.1017354925204293,0.5,1.0
GSE20164,nusvr,Endothelial cells,11,0.02778727173128276,0.036344994152907865,0.6666666666666667,0.42857142857142855
GSE20164,nusvr,Inhibitory,11,0.14742145703213724,0.061011446769331304,0.3333333333333333,0.4003939489033802
GSE20164,nusvr,Pericytes,11,0.0,0.01288330713291015,0.7,0.2735018137193267
GSE20164,nusvr,GABA,11,0.0,0.0,0.5000000000000001,1.0
GSE20164,nusvr,CADPS2+ neurons,11,0.012941285954305782,0.012496410614130267,0.6666666666666667,0.42857142857142855
GSE20164,nusvr,DaNs,11,0.013184261416952621,0.0,0.30000000000000004,0.24481672114837716
GSE20164,music,Oligodendrocytes,11,0.2265981748602106,0.1972508264396027,0.39999999999999997,0.6623376623376623
GSE20164,music,Astrocytes,11,0.15050357189462973,0.17482893851385956,0.7333333333333334,0.24675324675324672
GSE20164,music,Microglia,11,0.0830038900408112,0.12305700268029522,0.6,0.6623376623376623
GSE20164,music,OPCs,11,0.0022056437473877318,0.014486197831247424,0.7666666666666666,0.16699411792618535
GSE20164,music,Endothelial cells,11,0.03539905252650087,0.04340521468028556,0.7,0.32900432900432897
GSE20164,music,Inhibitory,11,0.39502890002340296,0.2819794023386293,0.19999999999999998,0.12554112554112554
GSE20164,music,Pericytes,11,0.028865749874419235,0.04033618488304359,0.9,0.030303030303030304
GSE20164,music,Ependymal,11,0.0023787880201650534,0.008049510380531743,0.8333333333333333,0.08213856110808998
GSE20164,music,CADPS2+ neurons,11,0.0037825784037068353,0.01610293809523732,1.0,0.004329004329004329
GSE20164,music,DaNs,11,0.011855799439627356,0.0,0.09999999999999999,0.02765949214637323
GSE8397,nnls,Oligodendrocytes,23,0.41807794911368024,0.4743945238627462,0.6916666666666667,0.1492757702207157
GSE8397,nnls,Astrocytes,23,0.2790538148851529,0.25126033501472544,0.36666666666666664,0.32460423320566006
GSE8397,nnls,Microglia,23,0.16982620753029382,0.16711086438918565,0.525,0.8746354376991071
GSE8397,nnls,OPCs,23,0.07628348134911686,0.0687544623488659,0.41666666666666663,0.5478570874990312
GSE8397,nnls,Endothelial cells,23,0.019941439587752186,0.024152910231668944,0.5666666666666667,0.6355233585008789
GSE8397,nnls,Inhibitory,23,0.0,0.0,0.3125,0.015301127581533845
GSE8397,nusvr,Oligodendrocytes,23,0.22619245135912924,0.2490257577521938,0.625,0.3572241461593999
GSE8397,nusvr,Astrocytes,23,0.459842214554389,0.4567152659261383,0.43333333333333335,0.6355233585008789
GSE8397,nusvr,Microglia,23,0.015628182019630742,0.011841528600502367,0.5,1.0
GSE8397,nusvr,OPCs,23,0.14244254275550466,0.11938015114071503,0.44999999999999996,0.7283618252793107
GSE8397,nusvr,Endothelial cells,23,0.03223848865319922,0.043044542028540286,0.6083333333333334,0.4281419661686185
GSE8397,nusvr,Inhibitory,23,0.08406134458750149,0.08597228545888627,0.5833333333333333,0.5478570874990312
GSE8397,nusvr,Pericytes,23,0.015596057403117357,0.013935297237304472,0.4166666666666667,0.5387245387373518
GSE8397,nusvr,CADPS2+ neurons,23,0.011094888263290784,0.005239277163474937,0.175,0.010519789359471683
GSE8397,nusvr,DaNs,23,0.016463562997491486,0.006610327442479303,0.2,0.020800350570535173
GSE8397,music,Oligodendrocytes,23,0.11193477164317625,0.20191752509428684,0.9083333333333333,0.0007668555252348495
GSE8397,music,Astrocytes,23,0.15718053443945315,0.21805415689961802,0.75,0.05558070950452159
GSE8397,music,Microglia,23,0.09708286602339702,0.1541367059877417,0.6916666666666667,0.1492757702207157
GSE8397,music,OPCs,23,0.0,0.003729193289667632,0.8166666666666667,0.011544999172268557
GSE8397,music,Endothelial cells,23,0.012258959041080987,0.024807806925343564,0.7166666666666667,0.10055597025579527
GSE8397,music,Inhibitory,23,0.5523671773493499,0.2660118316950333,0.125,0.0024841224195107626
GSE8397,music,Pericytes,23,0.010274566448863537,0.02196234707245329,0.7583333333333333,0.04730438045823696
GSE8397,music,CADPS2+ neurons,23,0.0,0.0,0.6666666666666666,0.08125607939467572
GSE8397,music,DaNs,23,0.04003491840990467,0.0,0.03333333333333333,4.722777439413345e-05
GSE49036,nnls,Oligodendrocytes,23,0.2898451237464704,0.3351105697681807,0.7416666666666667,0.06493389950113601
GSE49036,nnls,Astrocytes,23,0.4379178738062967,0.42178170522203995,0.375,0.3572241461593999
GSE49036,nnls,Microglia,23,0.13248912505496796,0.14675701430095975,0.675,0.19011082693947143
GSE49036,nnls,OPCs,23,0.04447144961831172,0.046022746131428725,0.5583333333333333,0.6813429761336612
GSE49036,nnls,Endothelial cells,23,0.029450547647377562,0.03575038018679901,0.6416666666666666,0.2938688269149973
GSE49036,nnls,Inhibitory,23,0.0,0.0,0.5333333333333333,0.5228166539190886
GSE49036,nnls,Pericytes,23,0.0,0.0,0.44583333333333336,0.6345860788393796
GSE49036,nnls,DaNs,23,0.061840856733133304,0.0,0.16666666666666669,0.008567802977204919
GSE49036,nusvr,Oligodendrocytes,23,0.17756424117373015,0.2701601087566423,0.775,0.033717168997825876
GSE49036,nusvr,Astrocytes,23,0.42650312090276177,0.4037445758582815,0.4,0.46635829284907226
GSE49036,nusvr,Microglia,23,0.0313847968478431,0.06274513009787983,0.7749999999999999,0.033717168997825876
GSE49036,nusvr,OPCs,23,0.07741678698395577,0.07738119730050083,0.5083333333333333,0.9748202172485387
GSE49036,nusvr,Endothelial cells,23,0.026551930555409674,0.03488330776159345,0.8,0.019412050237194937
GSE49036,nusvr,Inhibitory,23,0.0,0.0,0.44999999999999996,0.6229027120335278
GSE49036,nusvr,Pericytes,23,0.006189625901572551,0.01060622868254578,0.5833333333333334,0.5361837206637552
GSE49036,nusvr,GABA,23,0.009917944450857443,0.010266244915654385,0.5291666666666667,0.8451224492849397
GSE49036,nusvr,CADPS2+ neurons,23,0.040205488862283076,0.020584849927051643,0.125,0.0024841224195107626
GSE49036,nusvr,DaNs,23,0.15224410798794114,0.11659042891551265,0.13333333333333333,0.004975636994580586
GSE49036,music,Oligodendrocytes,23,0.11198208115327862,0.20402005151725833,0.875,0.0024841224195107626
GSE49036,music,Astrocytes,23,0.21080297960344963,0.271682593081606,0.7,0.1314504582777567
GSE49036,music,Microglia,23,0.08082708599747615,0.10353122978909525,0.8333333333333334,0.00845580587133959
GSE49036,music,OPCs,23,0.010676393887886921,0.012762600139231705,0.65,0.2585186579314527
GSE49036,music,Endothelial cells,23,0.031278643540993384,0.030362670275397685,0.6,0.46635829284907226
GSE49036,music,Inhibitory,23,0.22719954395100128,0.19515906254400842,0.35833333333333334,0.2938688269149973
GSE49036,music,Pericytes,23,0.032132381964678554,0.03442077772864465,0.6,0.46635829284907226
GSE49036,music,Ependymal,23,0.0,0.0,0.5666666666666667,0.3221707527865696
GSE49036,music,CADPS2+ neurons,23,0.0,8.494348679666675e-05,0.6124999999999999,0.3651678295614046
GSE49036,music,DaNs,23,0.30670216817628043,0.1088555361354978,0.16666666666666669,0.010761663101690373
GSE114517,nnls,Oligodendrocytes,29,0.4205879705433249,0.5074594301121624,0.6372549019607843,0.2233302163926154
GSE114517,nnls,Astrocytes,29,0.367301800236432,0.3035411932196568,0.35784313725490197,0.20694835029712433
GSE114517,nnls,Microglia,29,0.07528332331733512,0.08175432393715844,0.5441176470588235,0.7066297099055592
GSE114517,nnls,OPCs,29,0.07117517468006321,0.07784836485811593,0.5735294117647058,0.5208272193824912
GSE114517,nnls,Endothelial cells,29,0.015591921984652698,0.020373244229303842,0.6495098039215687,0.18398460749004386
GSE114517,nnls,Ependymal,29,0.0,0.0,0.4583333333333333,0.2626182904425206
GSE114517,nnls,DaNs,29,0.0,0.0,0.35294117647058826,0.04725485042527636
GSE114517,nusvr,Oligodendrocytes,29,0.3804860733225588,0.4598907176329612,0.6225490196078431,0.27797558904326813
GSE114517,nusvr,Astrocytes,29,0.32548946889538055,0.31321039164018305,0.4558823529411765,0.7066297099055592
GSE114517,nusvr,Microglia,29,0.03808719109756753,0.03349837007625592,0.47058823529411764,0.8075839314378953
GSE114517,nusvr,OPCs,29,0.047515975110178396,0.06276074616018631,0.627450980392157,0.2588307748056683
GSE114517,nusvr,Endothelial cells,29,0.016723426812907186,0.019478829649526443,0.6617647058823529,0.15011533973795838
GSE114517,nusvr,Inhibitory,29,0.10950762468688197,0.0957064157734735,0.35784313725490197,0.20694835029712433
GSE114517,nusvr,Pericytes,29,0.0,0.0,0.5392156862745099,0.695350400673268
GSE114517,nusvr,GABA,29,0.0,0.0,0.5784313725490197,0.4425838527929089
GSE114517,nusvr,CADPS2+ neurons,29,0.0027415111502059096,0.0024025332302788594,0.4607843137254902,0.7360226009091693
GSE114517,nusvr,DaNs,29,0.025010501984365392,0.0,0.24019607843137258,0.007714224739301318
GSE114517,music,Oligodendrocytes,29,0.3393970345425258,0.41668319468132886,0.6176470588235294,0.29806239639512133
GSE114517,music,Astrocytes,29,0.2507367178096711,0.24100049031404877,0.44117647058823534,0.6105920269772613
GSE114517,music,Microglia,29,0.08597966868297444,0.10656200007821964,0.5392156862745098,0.739809535239069
GSE114517,music,Excitatory,29,0.0,0.0,0.49019607843137253,0.879856566275123
GSE114517,music,OPCs,29,0.023886785411766823,0.021432177674620693,0.5049019607843137,0.9823272755529635
GSE114517,music,Endothelial cells,29,0.010562087952255259,0.011682347543644661,0.553921568627451,0.6419688279727049
GSE114517,music,Inhibitory,29,0.12293828023811448,0.10359781879597296,0.5245098039215685,0.8416714408616912
GSE114517,music,Pericytes,29,0.011194117961240424,0.027429913199835985,0.7745098039215688,0.013987614366152168
GSE114517,music,GABA,29,0.0,0.0,0.4583333333333333,0.2626182904425206
GSE114517,music,CADPS2+ neurons,29,0.0,0.0,0.6176470588235294,0.08269136268639028
GSE114517,music,DaNs,29,0.07204408669207713,0.0,0.29411764705882354,0.04779230251573281
GSE168496,nnls,Oligodendrocytes,16,0.828650916539214,0.8446578122552135,0.640625,0.3822843822843822
GSE168496,nnls,Astrocytes,16,0.0,0.0003422523881084031,0.578125,0.6025243523612969
GSE168496,nnls,Microglia,16,0.16634094125981647,0.13815095390279264,0.25,0.10489510489510488
GSE168496,nnls,OPCs,16,0.0,0.0,0.5078125,1.0
GSE168496,nnls,Endothelial cells,16,0.0,0.0,0.5625,0.38157390570502137
GSE168496,nusvr,Oligodendrocytes,16,0.5866807885270351,0.5895832961208635,0.546875,0.7984459984459983
GSE168496,nusvr,Astrocytes,16,0.2214444444670195,0.18530734332670915,0.34375,0.32820512820512815
GSE168496,nusvr,Microglia,16,0.020036676103028672,0.020788218935526046,0.53125,0.8784770784770783
GSE168496,nusvr,OPCs,16,0.031006761677245715,0.035434722543036784,0.75,0.10489510489510488
GSE168496,nusvr,Endothelial cells,16,0.024020360935859873,0.022132982038319635,0.453125,0.7984459984459983
GSE168496,nusvr,Inhibitory,16,0.06522765770737475,0.09195132588272714,0.5703125,0.6741981971505068
GSE168496,nusvr,Pericytes,16,0.030177886685864463,0.027255307386765175,0.40625,0.5737373737373737
GSE168496,nusvr,GABA,16,0.011995094829069955,0.010069565247161464,0.421875,0.6355065570939342
GSE168496,nusvr,CADPS2+ neurons,16,0.004196655816280476,0.0028236449522398145,0.375,0.4418026418026417
GSE168496,nusvr,DaNs,16,0.0,0.0,0.375,0.17090352023079747
GSE168496,music,Oligodendrocytes,16,0.5236870593653336,0.46843051678341496,0.4375,0.7209013209013208
GSE168496,music,Astrocytes,16,0.13304953518770904,0.1313936484798488,0.53125,0.8784770784770783
GSE168496,music,Microglia,16,0.06374493795468489,0.06651386057030928,0.515625,0.959129759129759
GSE168496,music,OPCs,16,0.002677406543850458,0.003119223305597323,0.484375,0.957810850422856
GSE168496,music,Endothelial cells,16,0.015359223226141444,0.015169688759455745,0.46875,0.8784770784770783
GSE168496,music,Inhibitory,16,0.16568042751843273,0.2641022299865138,0.65625,0.3169975086812533
GSE168496,music,Pericytes,16,0.028509703180065342,0.04708324962588391,0.71875,0.1605283605283605
GSE168496,music,DaNs,16,0.02060849499264175,0.0,0.25,0.03247420230516558
