cohort,method,donor,marker_z,da_z,y
GSE7621,nnls,GSM184354,0.2525133408690156,-0.20531521224931315,0
GSE7621,nnls,GSM184355,-0.23876663392088504,-0.20531521224931315,0
GSE7621,nnls,GSM184356,1.4683281744021464,-0.20531521224931315,0
GSE7621,nnls,GSM184357,0.6734168806558755,-0.20531521224931315,0
GSE7621,nnls,GSM184358,-0.3129923094717064,-0.20531521224931315,0
GSE7621,nnls,GSM184359,0.7981896739637497,-0.20531521224931315,0
GSE7621,nnls,GSM184360,2.319585992818581,4.898902343484212,0
GSE7621,nnls,GSM184361,1.2902412502109168,-0.20531521224931315,0
GSE7621,nnls,GSM184362,1.9702412691409794,-0.1766524617500096,0
GSE7621,nnls,GSM184363,-1.0453683109811667,-0.20531521224931315,1
GSE7621,nnls,GSM184364,-0.22573042563283038,-0.20531521224931315,1
GSE7621,nnls,GSM184365,-0.674114213598193,-0.20531521224931315,1
GSE7621,nnls,GSM184366,-1.503522024781498,-0.20531521224931315,1
GSE7621,nnls,GSM184367,-0.6861722668987795,-0.20531521224931315,1
GSE7621,nnls,GSM184368,0.3826629531973765,-0.20531521224931315,1
GSE7621,nnls,GSM184369,-1.05742254042718,-0.20531521224931315,1
GSE7621,nnls,GSM184370,-1.5360273575439756,-0.20531521224931315,1
GSE7621,nnls,GSM184371,0.4759895443704669,-0.20531521224931315,1
GSE7621,nnls,GSM184372,-1.1828993666512215,-0.20531521224931315,1
GSE7621,nnls,GSM184373,0.318336198567108,-0.20531521224931315,1
GSE7621,nnls,GSM184374,-0.11711797130420105,-0.20531521224931315,1
GSE7621,nnls,GSM184375,-0.5946038859749393,-0.20531521224931315,1
GSE7621,nnls,GSM184376,-0.31862676175686877,-0.20531521224931315,1
GSE7621,nnls,GSM184377,-0.6488450356859407,-0.20531521224931315,1
GSE7621,nnls,GSM184378,0.192703826433169,-0.20531521224931315,1
GSE7621,nusvr,GSM184354,0.2525133408690156,0.0850661800326939,0
GSE7621,nusvr,GSM184355,-0.23876663392088504,-0.666314822221518,0
GSE7621,nusvr,GSM184356,1.4683281744021464,1.5456964074927653,0
GSE7621,nusvr,GSM184357,0.6734168806558755,1.0524870673651845,0
GSE7621,nusvr,GSM184358,-0.3129923094717064,-0.43425319687894515,0
GSE7621,nusvr,GSM184359,0.7981896739637497,0.6043347045484211,0
GSE7621,nusvr,GSM184360,2.319585992818581,2.9332581663864454,0
GSE7621,nusvr,GSM184361,1.2902412502109168,0.3162527395894488,0
GSE7621,nusvr,GSM184362,1.9702412691409794,2.559108512849364,0
GSE7621,nusvr,GSM184363,-1.0453683109811667,-0.666314822221518,1
GSE7621,nusvr,GSM184364,-0.22573042563283038,-0.666314822221518,1
GSE7621,nusvr,GSM184365,-0.674114213598193,-0.666314822221518,1
GSE7621,nusvr,GSM184366,-1.503522024781498,-0.666314822221518,1
GSE7621,nusvr,GSM184367,-0.6861722668987795,-0.666314822221518,1
GSE7621,nusvr,GSM184368,0.3826629531973765,0.05289695773562996,1
GSE7621,nusvr,GSM184369,-1.05742254042718,-0.666314822221518,1
GSE7621,nusvr,GSM184370,-1.5360273575439756,-0.666314822221518,1
GSE7621,nusvr,GSM184371,0.4759895443704669,-0.04145363004852049,1
GSE7621,nusvr,GSM184372,-1.1828993666512215,-0.666314822221518,1
GSE7621,nusvr,GSM184373,0.318336198567108,0.13506797103850163,1
GSE7621,nusvr,GSM184374,-0.11711797130420105,-0.34187261751944314,1
GSE7621,nusvr,GSM184375,-0.5946038859749393,-0.666314822221518,1
GSE7621,nusvr,GSM184376,-0.31862676175686877,-0.47081139593332966,1
GSE7621,nusvr,GSM184377,-0.6488450356859407,-0.666314822221518,1
GSE7621,nusvr,GSM184378,0.192703826433169,-0.666314822221518,1
GSE7621,music,GSM184354,0.2525133408690156,-0.18783654091528176,0
GSE7621,music,GSM184355,-0.23876663392088504,-0.4708897259561212,0
GSE7621,music,GSM184356,1.4683281744021464,1.8439300336275057,0
GSE7621,music,GSM184357,0.6734168806558755,-0.2053929637807777,0
GSE7621,music,GSM184358,-0.3129923094717064,-0.4708897259561212,0
GSE7621,music,GSM184359,0.7981896739637497,0.2614689292143095,0
GSE7621,music,GSM184360,2.319585992818581,3.481055315093555,0
GSE7621,music,GSM184361,1.2902412502109168,0.3002212012331108,0
GSE7621,music,GSM184362,1.9702412691409794,2.3827404621935058,0
GSE7621,music,GSM184363,-1.0453683109811667,-0.4708897259561212,1
GSE7621,music,GSM184364,-0.22573042563283038,-0.4708897259561212,1
GSE7621,music,GSM184365,-0.674114213598193,-0.4708897259561212,1
GSE7621,music,GSM184366,-1.503522024781498,-0.4708897259561212,1
GSE7621,music,GSM184367,-0.6861722668987795,-0.4708897259561212,1
GSE7621,music,GSM184368,0.3826629531973765,-0.24388924483972113,1
GSE7621,music,GSM184369,-1.05742254042718,-0.4708897259561212,1
GSE7621,music,GSM184370,-1.5360273575439756,-0.4708897259561212,1
GSE7621,music,GSM184371,0.4759895443704669,-0.17451297133235996,1
GSE7621,music,GSM184372,-1.1828993666512215,-0.4708897259561212,1
GSE7621,music,GSM184373,0.318336198567108,-0.4398496951134731,1
GSE7621,music,GSM184374,-0.11711797130420105,-0.4708897259561212,1
GSE7621,music,GSM184375,-0.5946038859749393,-0.4708897259561212,1
GSE7621,music,GSM184376,-0.31862676175686877,-0.4708897259561212,1
GSE7621,music,GSM184377,-0.6488450356859407,-0.4708897259561212,1
GSE7621,music,GSM184378,0.192703826433169,-0.42547836199467376,1
GSE20292,nnls,GSM508708,-0.20420432538581387,-0.1889822365046136,0
GSE20292,nnls,GSM508710,-0.3830577195266037,-0.1889822365046136,1
GSE20292,nnls,GSM508711,-0.3635507340633006,-0.1889822365046136,1
GSE20292,nnls,GSM508712,-0.3159606957304477,-0.1889822365046136,1
GSE20292,nnls,GSM508713,-0.4152658756417103,-0.1889822365046136,1
GSE20292,nnls,GSM508714,-0.401131370628702,-0.1889822365046136,1
GSE20292,nnls,GSM508715,-0.39783555845732615,-0.1889822365046136,1
GSE20292,nnls,GSM508716,-0.4063311080890273,-0.1889822365046136,1
GSE20292,nnls,GSM508717,-0.37189733778881173,-0.1889822365046136,0
GSE20292,nnls,GSM508718,-0.3888743389826972,-0.1889822365046136,1
GSE20292,nnls,GSM508720,-0.2306874035074744,-0.1889822365046136,0
GSE20292,nnls,GSM508721,-0.3695259893670364,-0.1889822365046136,0
GSE20292,nnls,GSM508722,-0.2513593468427562,-0.1889822365046136,0
GSE20292,nnls,GSM508723,-0.3400158884021384,-0.1889822365046136,0
GSE20292,nnls,GSM508724,-0.26400931781923687,-0.1889822365046136,0
GSE20292,nnls,GSM508725,-0.400561350877595,-0.1889822365046136,0
GSE20292,nnls,GSM508726,-0.3713579834719374,-0.1889822365046136,0
GSE20292,nnls,GSM508728,-0.3712260431169795,-0.1889822365046136,1
GSE20292,nnls,GSM508729,-0.3460137061836788,-0.1889822365046136,0
GSE20292,nnls,GSM508730,-0.3290440009708822,-0.1889822365046136,0
GSE20292,nnls,GSM508731,-0.3462985572140215,-0.1889822365046136,1
GSE20292,nnls,GSM508732,-0.40182018054612056,-0.1889822365046136,1
GSE20292,nnls,GSM508733,-0.19080487204462038,-0.1889822365046136,0
GSE20292,nnls,GSM508734,-0.4131630314875783,-0.1889822365046136,0
GSE20292,nnls,GSM508735,-0.14674462607927152,-0.1889822365046136,0
GSE20292,nnls,GSM521253,-0.33904988834290234,-0.1889822365046136,0
GSE20292,nnls,GSM606624,2.9374312864237573,-0.1889822365046136,0
GSE20292,nnls,GSM606625,3.3158185503814415,5.2915026221291805,0
GSE20292,nnls,GSM606626,2.506541413763472,-0.1889822365046136,0
GSE20292,nusvr,GSM508708,-0.20420432538581387,2.6363135853419783,0
GSE20292,nusvr,GSM508710,-0.3830577195266037,-0.23631855057955425,1
GSE20292,nusvr,GSM508711,-0.3635507340633006,-1.4833662818121696,1
GSE20292,nusvr,GSM508712,-0.3159606957304477,-0.7598342623790115,1
GSE20292,nusvr,GSM508713,-0.4152658756417103,-0.14336047348969416,1
GSE20292,nusvr,GSM508714,-0.401131370628702,-1.1641680036687356,1
GSE20292,nusvr,GSM508715,-0.39783555845732615,-0.5059682859376338,1
GSE20292,nusvr,GSM508716,-0.4063311080890273,0.21865225320021092,1
GSE20292,nusvr,GSM508717,-0.37189733778881173,-0.45006592143271823,0
GSE20292,nusvr,GSM508718,-0.3888743389826972,0.17420474410939218,1
GSE20292,nusvr,GSM508720,-0.2306874035074744,1.2534153006348636,0
GSE20292,nusvr,GSM508721,-0.3695259893670364,-0.5149509523582955,0
GSE20292,nusvr,GSM508722,-0.2513593468427562,-0.4555140560662574,0
GSE20292,nusvr,GSM508723,-0.3400158884021384,0.8098085972683433,0
GSE20292,nusvr,GSM508724,-0.26400931781923687,1.7147489655274635,0
GSE20292,nusvr,GSM508725,-0.400561350877595,-1.4833662818121696,0
GSE20292,nusvr,GSM508726,-0.3713579834719374,0.14200418897216452,0
GSE20292,nusvr,GSM508728,-0.3712260431169795,0.5223234337940432,1
GSE20292,nusvr,GSM508729,-0.3460137061836788,0.4560393815848091,0
GSE20292,nusvr,GSM508730,-0.3290440009708822,-0.43816306957345,0
GSE20292,nusvr,GSM508731,-0.3462985572140215,-0.20477820871842145,1
GSE20292,nusvr,GSM508732,-0.40182018054612056,0.5483717540033832,1
GSE20292,nusvr,GSM508733,-0.19080487204462038,0.8963410307481741,0
GSE20292,nusvr,GSM508734,-0.4131630314875783,-1.4833662818121696,0
GSE20292,nusvr,GSM508735,-0.14674462607927152,1.7502027100875068,0
GSE20292,nusvr,GSM521253,-0.33904988834290234,-0.8531314328762493,0
GSE20292,nusvr,GSM606624,2.9374312864237573,-1.1181287200038281,0
GSE20292,nusvr,GSM606625,3.3158185503814415,0.5149940085618623,0
GSE20292,nusvr,GSM606626,2.506541413763472,-0.3429391713138365,0
GSE20292,music,GSM508708,-0.20420432538581387,0.25727573889088934,0
GSE20292,music,GSM508710,-0.3830577195266037,-0.14748747236700105,1
GSE20292,music,GSM508711,-0.3635507340633006,-0.11378586881000602,1
GSE20292,music,GSM508712,-0.3159606957304477,-0.05677714302066411,1
GSE20292,music,GSM508713,-0.4152658756417103,-0.2067502691464541,1
GSE20292,music,GSM508714,-0.401131370628702,-0.20272007129674485,1
GSE20292,music,GSM508715,-0.39783555845732615,-0.3311553608868093,1
GSE20292,music,GSM508716,-0.4063311080890273,-0.09783744814476149,1
GSE20292,music,GSM508717,-0.37189733778881173,-0.11232350357503933,0
GSE20292,music,GSM508718,-0.3888743389826972,-0.2904558088624941,1
GSE20292,music,GSM508720,-0.2306874035074744,0.06321857982208216,0
GSE20292,music,GSM508721,-0.3695259893670364,-0.11842886299305759,0
GSE20292,music,GSM508722,-0.2513593468427562,0.13756718244731228,0
GSE20292,music,GSM508723,-0.3400158884021384,-0.11468934679038162,0
GSE20292,music,GSM508724,-0.26400931781923687,0.1545314209697983,0
GSE20292,music,GSM508725,-0.400561350877595,-0.31685121229379637,0
GSE20292,music,GSM508726,-0.3713579834719374,-0.19274232051639667,0
GSE20292,music,GSM508728,-0.3712260431169795,-0.2325174537137666,1
GSE20292,music,GSM508729,-0.3460137061836788,-0.18491659248862852,0
GSE20292,music,GSM508730,-0.3290440009708822,-0.1778057486930501,0
GSE20292,music,GSM508731,-0.3462985572140215,-0.3697185219841324,1
GSE20292,music,GSM508732,-0.40182018054612056,-0.1352481364642268,1
GSE20292,music,GSM508733,-0.19080487204462038,0.049907601107316624,0
GSE20292,music,GSM508734,-0.4131630314875783,-0.09644611397071357,0
GSE20292,music,GSM508735,-0.14674462607927152,0.3388475580587045,0
GSE20292,music,GSM521253,-0.33904988834290234,-0.04079716118038905,0
GSE20292,music,GSM606624,2.9374312864237573,0.587412032410761,0
GSE20292,music,GSM606625,3.3158185503814415,4.5623733507646955,0
GSE20292,music,GSM606626,2.506541413763472,-2.6116790472730655,0
GSE20163,nnls,GSM505996,0.9415880743579088,0.9888607633538394,0
GSE20163,nnls,GSM505997,0.3244202095032193,-0.9240522978256357,0
GSE20163,nnls,GSM505998,0.7541628322429869,1.1818831083498196,0
GSE20163,nnls,GSM505999,0.8086971656853692,0.7697116705162864,0
GSE20163,nnls,GSM506000,0.6105295740713874,0.561128974701722,0
GSE20163,nnls,GSM506001,1.121073802110079,1.2089932623861128,0
GSE20163,nnls,GSM506002,-1.4318060469776879,-0.9240522978256357,1
GSE20163,nnls,GSM506003,0.6519510165017744,0.8054685377711072,0
GSE20163,nnls,GSM506004,1.1382892688038484,1.3728397173648506,1
GSE20163,nnls,GSM506005,-1.056949364376077,-0.9240522978256357,1
GSE20163,nnls,GSM506006,-1.8391677480518365,-0.9240522978256357,1
GSE20163,nnls,GSM506007,1.2561872980274928,1.427584645986981,0
GSE20163,nnls,GSM506008,0.1250580513156997,-0.9240522978256357,0
GSE20163,nnls,GSM506009,-0.627548321312926,-0.9240522978256357,1
GSE20163,nnls,GSM506010,-1.2062578736530618,-0.9240522978256357,1
GSE20163,nnls,GSM506011,-1.109180256947925,-0.9240522978256357,1
GSE20163,nnls,GSM506012,-0.46104768130025137,-0.9240522978256357,1
GSE20163,nusvr,GSM505996,0.9415880743579088,0.22789843214219369,0
GSE20163,nusvr,GSM505997,0.3244202095032193,0.30060644559185323,0
GSE20163,nusvr,GSM505998,0.7541628322429869,1.615660461093141,0
GSE20163,nusvr,GSM505999,0.8086971656853692,1.8048636243214753,0
GSE20163,nusvr,GSM506000,0.6105295740713874,0.8121459801137043,0
GSE20163,nusvr,GSM506001,1.121073802110079,0.7812228965291157,0
GSE20163,nusvr,GSM506002,-1.4318060469776879,-0.9820846149482956,1
GSE20163,nusvr,GSM506003,0.6519510165017744,0.2603002000289169,0
GSE20163,nusvr,GSM506004,1.1382892688038484,-0.8609092454746067,1
GSE20163,nusvr,GSM506005,-1.056949364376077,0.2546141257478838,1
GSE20163,nusvr,GSM506006,-1.8391677480518365,-1.4240281565884543,1
GSE20163,nusvr,GSM506007,1.2561872980274928,0.684204368506939,0
GSE20163,nusvr,GSM506008,0.1250580513156997,0.7434173495388535,0
GSE20163,nusvr,GSM506009,-0.627548321312926,-0.5985984898742815,1
GSE20163,nusvr,GSM506010,-1.2062578736530618,-1.4240281565884543,1
GSE20163,nusvr,GSM506011,-1.109180256947925,-1.2340258229275292,1
GSE20163,nusvr,GSM506012,-0.46104768130025137,-0.9612593972124573,1
GSE20163,music,GSM505996,0.9415880743579088,0.5343737740575073,0
GSE20163,music,GSM505997,0.3244202095032193,-0.17761135661820848,0
GSE20163,music,GSM505998,0.7541628322429869,0.47688795068675605,0
GSE20163,music,GSM505999,0.8086971656853692,0.5523583707720668,0
GSE20163,music,GSM506000,0.6105295740713874,0.29181889509158954,0
GSE20163,music,GSM506001,1.121073802110079,1.2007319254401139,0
GSE20163,music,GSM506002,-1.4318060469776879,-0.9683520779969084,1
GSE20163,music,GSM506003,0.6519510165017744,0.6349540931996358,0
GSE20163,music,GSM506004,1.1382892688038484,1.0771415236805548,1
GSE20163,music,GSM506005,-1.056949364376077,-0.9683520779969084,1
GSE20163,music,GSM506006,-1.8391677480518365,-0.9683520779969084,1
GSE20163,music,GSM506007,1.2561872980274928,2.54713847036832,0
GSE20163,music,GSM506008,0.1250580513156997,-0.48419722544745614,0
GSE20163,music,GSM506009,-0.627548321312926,-0.9683520779969084,1
GSE20163,music,GSM506010,-1.2062578736530618,-0.9683520779969084,1
GSE20163,music,GSM506011,-1.109180256947925,-0.9683520779969084,1
GSE20163,music,GSM506012,-0.46104768130025137,-0.8434839532494298,1
GSE20164,nnls,GSM506013,1.6861834753423213,0.0,0
GSE20164,nnls,GSM506014,0.7041906273543282,0.0,0
GSE20164,nnls,GSM506015,-0.7583268539100385,0.0,1
GSE20164,nnls,GSM506016,0.063960148841559,0.0,1
GSE20164,nnls,GSM506017,-0.893927377208608,0.0,1
GSE20164,nnls,GSM506018,-0.9427185022225545,0.0,1
GSE20164,nnls,GSM506019,0.649879944470139,0.0,0
GSE20164,nnls,GSM506020,0.19899238309389367,0.0,0
GSE20164,nnls,GSM506021,-1.6603057530350627,0.0,1
GSE20164,nnls,GSM506022,-0.4519048949752961,0.0,1
GSE20164,nnls,GSM506023,1.4039768022493184,0.0,0
GSE20164,nusvr,GSM506013,1.6861834753423213,0.8005327615283656,0
GSE20164,nusvr,GSM506014,0.7041906273543282,-0.7204304909260248,0
GSE20164,nusvr,GSM506015,-0.7583268539100385,-0.7204304909260248,1
GSE20164,nusvr,GSM506016,0.063960148841559,-0.7204304909260248,1
GSE20164,nusvr,GSM506017,-0.893927377208608,-0.7204304909260248,1
GSE20164,nusvr,GSM506018,-0.9427185022225545,1.6670988207611344,1
GSE20164,nusvr,GSM506019,0.649879944470139,1.8491587918458536,0
GSE20164,nusvr,GSM506020,0.19899238309389367,-0.7204304909260248,0
GSE20164,nusvr,GSM506021,-1.6603057530350627,-0.7204304909260248,1
GSE20164,nusvr,GSM506022,-0.4519048949752961,-0.7204304909260248,1
GSE20164,nusvr,GSM506023,1.4039768022493184,0.7262230623468213,0
GSE20164,music,GSM506013,1.6861834753423213,2.5192226992182962,0
GSE20164,music,GSM506014,0.7041906273543282,-0.5155892057332924,0
GSE20164,music,GSM506015,-0.7583268539100385,-0.6225599397808397,1
GSE20164,music,GSM506016,0.063960148841559,-0.6225599397808397,1
GSE20164,music,GSM506017,-0.893927377208608,-0.6225599397808397,1
GSE20164,music,GSM506018,-0.9427185022225545,-0.6225599397808397,1
GSE20164,music,GSM506019,0.649879944470139,-0.15655606524579668,0
GSE20164,music,GSM506020,0.19899238309389367,-0.3127810546129058,0
GSE20164,music,GSM506021,-1.6603057530350627,-0.6225599397808397,1
GSE20164,music,GSM506022,-0.4519048949752961,0.05385986028856642,1
GSE20164,music,GSM506023,1.4039768022493184,1.5246434649893292,0
GSE8397,nnls,C-1,1.3579475599361996,0.0,0
GSE8397,nnls,C-10,1.8146205211744257,0.0,0
GSE8397,nnls,C-155,0.8175753244120237,0.0,0
GSE8397,nnls,C-2,1.4483465149157775,0.0,0
GSE8397,nnls,C-3,1.0118594863976238,0.0,0
GSE8397,nnls,C-4,0.21808844076945755,0.0,0
GSE8397,nnls,C-8,0.47377511446668374,0.0,0
GSE8397,nnls,C-9,1.4939988648031046,0.0,0
GSE8397,nnls,PD-1,-1.0312260403974,0.0,1
GSE8397,nnls,PD-10,-1.2569274592580142,0.0,1
GSE8397,nnls,PD-16,-1.6738032668222738,0.0,1
GSE8397,nnls,PD-2,-0.5484367506619328,0.0,1
GSE8397,nnls,PD-20,-0.3535582677750207,0.0,1
GSE8397,nnls,PD-21,-0.6791661402335152,0.0,1
GSE8397,nnls,PD-22,1.1485549188415234,0.0,1
GSE8397,nnls,PD-28,-0.9836552710935313,0.0,1
GSE8397,nnls,PD-29,-0.041753334964986476,0.0,1
GSE8397,nnls,PD-32,-0.24228543253781837,0.0,1
GSE8397,nnls,PD-34,-0.1314738865923194,0.0,1
GSE8397,nnls,PD-36,-0.5195746396467492,0.0,1
GSE8397,nnls,PD-4,-1.3702336591373565,0.0,1
GSE8397,nnls,PD-7,-0.10800608172991823,0.0,1
GSE8397,nnls,PD-9,-0.8446665148659831,0.0,1
GSE8397,nusvr,C-1,1.3579475599361996,-0.8364931022932467,0
GSE8397,nusvr,C-10,1.8146205211744257,0.6967020492600561,0
GSE8397,nusvr,C-155,0.8175753244120237,0.1870821254154053,0
GSE8397,nusvr,C-2,1.4483465149157775,0.934134572228435,0
GSE8397,nusvr,C-3,1.0118594863976238,-0.4877283621580579,0
GSE8397,nusvr,C-4,0.21808844076945755,1.2091399267253862,0
GSE8397,nusvr,C-8,0.47377511446668374,0.9506298818163615,0
GSE8397,nusvr,C-9,1.4939988648031046,2.50874564640378,0
GSE8397,nusvr,PD-1,-1.0312260403974,-1.1348960368673764,1
GSE8397,nusvr,PD-10,-1.2569274592580142,0.04135734152176891,1
GSE8397,nusvr,PD-16,-1.6738032668222738,-1.1348960368673764,1
GSE8397,nusvr,PD-2,-0.5484367506619328,0.17600165985518226,1
GSE8397,nusvr,PD-20,-0.3535582677750207,-1.1348960368673764,1
GSE8397,nusvr,PD-21,-0.6791661402335152,0.26185190392930446,1
GSE8397,nusvr,PD-22,1.1485549188415234,1.8288331278254462,1
GSE8397,nusvr,PD-28,-0.9836552710935313,-1.1348960368673764,1
GSE8397,nusvr,PD-29,-0.041753334964986476,0.4176336819712781,1
GSE8397,nusvr,PD-32,-0.24228543253781837,-0.7293243476512618,1
GSE8397,nusvr,PD-34,-0.1314738865923194,0.05584591604147771,1
GSE8397,nusvr,PD-36,-0.5195746396467492,-0.05321548315084632,1
GSE8397,nusvr,PD-4,-1.3702336591373565,-1.1348960368673764,1
GSE8397,nusvr,PD-7,-0.10800608172991823,-0.3518203165362074,1
GSE8397,nusvr,PD-9,-0.8446665148659831,-1.1348960368673764,1
GSE8397,music,C-1,1.3579475599361996,0.16171490876869937,0
GSE8397,music,C-10,1.8146205211744257,2.938327041824735,0
GSE8397,music,C-155,0.8175753244120237,0.7081466699098594,0
GSE8397,music,C-2,1.4483465149157775,2.3045842579767295,0
GSE8397,music,C-3,1.0118594863976238,0.9119563760310454,0
GSE8397,music,C-4,0.21808844076945755,-0.4561694032801289,0
GSE8397,music,C-8,0.47377511446668374,-0.4198312038313,0
GSE8397,music,C-9,1.4939988648031046,1.3585827943183093,0
GSE8397,music,PD-1,-1.0312260403974,-0.5906836907159105,1
GSE8397,music,PD-10,-1.2569274592580142,-0.5906836907159105,1
GSE8397,music,PD-16,-1.6738032668222738,-0.5906836907159105,1
GSE8397,music,PD-2,-0.5484367506619328,-0.5906836907159105,1
GSE8397,music,PD-20,-0.3535582677750207,-0.5906836907159105,1
GSE8397,music,PD-21,-0.6791661402335152,-0.5906836907159105,1
GSE8397,music,PD-22,1.1485549188415234,0.7622602283048001,1
GSE8397,music,PD-28,-0.9836552710935313,-0.5906836907159105,1
GSE8397,music,PD-29,-0.041753334964986476,-0.5906836907159105,1
GSE8397,music,PD-32,-0.24228543253781837,-0.5906836907159105,1
GSE8397,music,PD-34,-0.1314738865923194,-0.5906836907159105,1
GSE8397,music,PD-36,-0.5195746396467492,-0.5906836907159105,1
GSE8397,music,PD-4,-1.3702336591373565,-0.5906836907159105,1
GSE8397,music,PD-7,-0.10800608172991823,-0.5906836907159105,1
GSE8397,music,PD-9,-0.8446665148659831,-0.5906836907159105,1
GSE49036,nnls,GSM1192691,1.1321621001089155,1.8547070362103084,0
GSE49036,nnls,GSM1192692,0.17654606125354785,-0.3074661810995314,0
GSE49036,nnls,GSM1192693,1.0377467185612557,1.5294755049155744,0
GSE49036,nnls,GSM1192694,0.22087573963950072,-0.41797693248219897,0
GSE49036,nnls,GSM1192695,1.1500788254083114,2.3608291789142335,0
GSE49036,nnls,GSM1192696,0.6260040073532783,0.4188679062583929,0
GSE49036,nnls,GSM1192697,0.02593375667891782,-0.6694704944285697,0
GSE49036,nnls,GSM1192698,0.8627234213416877,1.080710041031879,0
GSE49036,nnls,GSM1192704,0.9790237086659237,1.6581649512132797,1
GSE49036,nnls,GSM1192705,0.25081763824893955,-0.2895209771714012,1
GSE49036,nnls,GSM1192706,-0.4544549182263254,-0.812238583803814,1
GSE49036,nnls,GSM1192707,0.8212104865959208,0.5015117257572098,1
GSE49036,nnls,GSM1192708,0.7674861474138608,0.4312791302461704,1
GSE49036,nnls,GSM1192709,-0.504661201308306,-0.812238583803814,1
GSE49036,nnls,GSM1192710,-2.7220218361603634,-0.812238583803814,1
GSE49036,nnls,GSM1192711,0.11474007282166428,-0.5309217980731632,1
GSE49036,nnls,GSM1192712,-0.20305722693535908,-0.812238583803814,1
GSE49036,nnls,GSM1192713,0.3249283820692109,-0.3100418370578569,1
GSE49036,nnls,GSM1192714,-0.05987521273429761,-0.812238583803814,1
GSE49036,nnls,GSM1192715,-0.6620173010054818,-0.812238583803814,1
GSE49036,nnls,GSM1192716,-1.206899971722507,-0.812238583803814,1
GSE49036,nnls,GSM1192717,-2.4119576024962157,-0.812238583803814,1
GSE49036,nnls,GSM1192718,-0.26533179557207753,-0.812238583803814,1
GSE49036,nusvr,GSM1192691,1.1321621001089155,0.17796596256040645,0
GSE49036,nusvr,GSM1192692,0.17654606125354785,0.21846505024292268,0
GSE49036,nusvr,GSM1192693,1.0377467185612557,0.5729250642286827,0
GSE49036,nusvr,GSM1192694,0.22087573963950072,0.5719194083016076,0
GSE49036,nusvr,GSM1192695,1.1500788254083114,2.373152380662232,0
GSE49036,nusvr,GSM1192696,0.6260040073532783,0.6363077175382572,0
GSE49036,nusvr,GSM1192697,0.02593375667891782,0.5315798003149919,0
GSE49036,nusvr,GSM1192698,0.8627234213416877,0.8696657526317408,0
GSE49036,nusvr,GSM1192704,0.9790237086659237,0.9201938621372184,1
GSE49036,nusvr,GSM1192705,0.25081763824893955,0.2753378841041032,1
GSE49036,nusvr,GSM1192706,-0.4544549182263254,-0.025531880345951337,1
GSE49036,nusvr,GSM1192707,0.8212104865959208,0.19101897357926736,1
GSE49036,nusvr,GSM1192708,0.7674861474138608,0.8029283915355261,1
GSE49036,nusvr,GSM1192709,-0.504661201308306,-0.5323181795540701,1
GSE49036,nusvr,GSM1192710,-2.7220218361603634,-2.171828713357798,1
GSE49036,nusvr,GSM1192711,0.11474007282166428,-0.028718017455533543,1
GSE49036,nusvr,GSM1192712,-0.20305722693535908,-0.17480365260586989,1
GSE49036,nusvr,GSM1192713,0.3249283820692109,-0.0702472498985717,1
GSE49036,nusvr,GSM1192714,-0.05987521273429761,0.035571663700990186,1
GSE49036,nusvr,GSM1192715,-0.6620173010054818,-0.6281224532249726,1
GSE49036,nusvr,GSM1192716,-1.206899971722507,-1.7431440666228246,1
GSE49036,nusvr,GSM1192717,-2.4119576024962157,-2.171828713357798,1
GSE49036,nusvr,GSM1192718,-0.26533179557207753,-0.6304889851145591,1
GSE49036,music,GSM1192691,1.1321621001089155,1.4895504588193627,0
GSE49036,music,GSM1192692,0.17654606125354785,0.1335340986592071,0
GSE49036,music,GSM1192693,1.0377467185612557,1.4345781889652496,0
GSE49036,music,GSM1192694,0.22087573963950072,-0.17389082784988638,0
GSE49036,music,GSM1192695,1.1500788254083114,1.8085897589428284,0
GSE49036,music,GSM1192696,0.6260040073532783,0.4203960510982283,0
GSE49036,music,GSM1192697,0.02593375667891782,-0.03230346245387889,0
GSE49036,music,GSM1192698,0.8627234213416877,1.092962506325488,0
GSE49036,music,GSM1192704,0.9790237086659237,1.3931052042142817,1
GSE49036,music,GSM1192705,0.25081763824893955,0.01259118338259328,1
GSE49036,music,GSM1192706,-0.4544549182263254,-0.7752302398398085,1
GSE49036,music,GSM1192707,0.8212104865959208,0.6091347719806212,1
GSE49036,music,GSM1192708,0.7674861474138608,0.80924595664633,1
GSE49036,music,GSM1192709,-0.504661201308306,-0.9602777987316887,1
GSE49036,music,GSM1192710,-2.7220218361603634,-1.5301386848371925,1
GSE49036,music,GSM1192711,0.11474007282166428,0.1157480640101777,1
GSE49036,music,GSM1192712,-0.20305722693535908,-0.7184952688593104,1
GSE49036,music,GSM1192713,0.3249283820692109,0.21306734305128652,1
GSE49036,music,GSM1192714,-0.05987521273429761,-0.4210986558377201,1
GSE49036,music,GSM1192715,-0.6620173010054818,-1.103164586261321,1
GSE49036,music,GSM1192716,-1.206899971722507,-1.513317400584994,1
GSE49036,music,GSM1192717,-2.4119576024962157,-1.5301386848371925,1
GSE49036,music,GSM1192718,-0.26533179557207753,-0.7744479760026642,1
GSE114517,nnls,GSM3143295,-1.2497559084217735,-0.3449765717785755,0
GSE114517,nnls,GSM3143296,1.6711307395915695,1.5219137995382261,0
GSE114517,nnls,GSM3143297,-0.7620617335733666,-0.3449765717785755,1
GSE114517,nnls,GSM3143298,1.2877221801852419,-0.3449765717785755,0
GSE114517,nnls,GSM3143299,-0.4789952896765572,-0.3449765717785755,0
GSE114517,nnls,GSM3143300,0.05466462628652183,-0.3449765717785755,0
GSE114517,nnls,GSM3143301,-0.6502395994524073,-0.3449765717785755,1
GSE114517,nnls,GSM3143302,-0.6607273762625834,-0.3449765717785755,1
GSE114517,nnls,GSM3143303,-1.0436113543863517,-0.3449765717785755,1
GSE114517,nnls,GSM3143304,0.6700804177874875,-0.3449765717785755,1
GSE114517,nnls,GSM3143305,-0.8196133509162188,-0.3449765717785755,1
GSE114517,nnls,GSM3143306,0.11619364412828759,-0.3449765717785755,1
GSE114517,nnls,GSM3143307,1.7686861850707707,3.314744926570843,0
GSE114517,nnls,GSM3143308,0.6619938785903773,-0.3449765717785755,0
GSE114517,nnls,GSM3143309,-1.017413517383871,-0.3449765717785755,1
GSE114517,nnls,GSM3143310,-1.3353435082719423,-0.3449765717785755,1
GSE114517,nnls,GSM3143311,1.3224406764817687,0.04551847749739928,0
GSE114517,nnls,GSM3143312,1.5852004838869067,-0.18116640069785211,1
GSE114517,nnls,GSM3143313,0.006745880372136503,-0.3449765717785755,1
GSE114517,nnls,GSM3143314,-0.6727597010225734,-0.3449765717785755,1
GSE114517,nnls,GSM3143315,-0.7692154639465538,-0.3449765717785755,1
GSE114517,nnls,GSM3143316,1.1587855889686194,-0.3449765717785755,1
GSE114517,nnls,GSM3143317,-0.6633774928591499,-0.3449765717785755,1
GSE114517,nnls,GSM3143318,0.8276558352347023,-0.3449765717785755,0
GSE114517,nnls,GSM3143319,-0.7977329749827939,-0.3449765717785755,0
GSE114517,nnls,GSM3143320,-0.2978487740039363,-0.3449765717785755,1
GSE114517,nnls,GSM3143321,1.6984850773145796,3.5784269197771974,0
GSE114517,nnls,GSM3143322,-0.9169923651599474,-0.3449765717785755,1
GSE114517,nnls,GSM3143323,-0.6940968035789424,-0.3449765717785755,0
GSE114517,nusvr,GSM3143295,-1.2497559084217735,-0.6377517607131087,0
GSE114517,nusvr,GSM3143296,1.6711307395915695,1.2877736810805667,0
GSE114517,nusvr,GSM3143297,-0.7620617335733666,-0.6377517607131087,1
GSE114517,nusvr,GSM3143298,1.2877221801852419,1.3232048323554895,0
GSE114517,nusvr,GSM3143299,-0.4789952896765572,-0.6377517607131087,0
GSE114517,nusvr,GSM3143300,0.05466462628652183,0.10274123460407608,0
GSE114517,nusvr,GSM3143301,-0.6502395994524073,-0.6377517607131087,1
GSE114517,nusvr,GSM3143302,-0.6607273762625834,-0.6377517607131087,1
GSE114517,nusvr,GSM3143303,-1.0436113543863517,-0.6377517607131087,1
GSE114517,nusvr,GSM3143304,0.6700804177874875,-0.6364493862640609,1
GSE114517,nusvr,GSM3143305,-0.8196133509162188,-0.6377517607131087,1
GSE114517,nusvr,GSM3143306,0.11619364412828759,-0.6377517607131087,1
GSE114517,nusvr,GSM3143307,1.7686861850707707,0.7001138817357141,0
GSE114517,nusvr,GSM3143308,0.6619938785903773,0.1515202027809704,0
GSE114517,nusvr,GSM3143309,-1.017413517383871,-0.6377517607131087,1
GSE114517,nusvr,GSM3143310,-1.3353435082719423,-0.6377517607131087,1
GSE114517,nusvr,GSM3143311,1.3224406764817687,2.130588064698276,0
GSE114517,nusvr,GSM3143312,1.5852004838869067,2.2603536153251422,1
GSE114517,nusvr,GSM3143313,0.006745880372136503,-0.6377517607131087,1
GSE114517,nusvr,GSM3143314,-0.6727597010225734,-0.6377517607131087,1
GSE114517,nusvr,GSM3143315,-0.7692154639465538,-0.6377517607131087,1
GSE114517,nusvr,GSM3143316,1.1587855889686194,0.6123380476911372,1
GSE114517,nusvr,GSM3143317,-0.6633774928591499,-0.6377517607131087,1
GSE114517,nusvr,GSM3143318,0.8276558352347023,1.0575955846326577,0
GSE114517,nusvr,GSM3143319,-0.7977329749827939,-0.6377517607131087,0
GSE114517,nusvr,GSM3143320,-0.2978487740039363,-0.6377517607131087,1
GSE114517,nusvr,GSM3143321,1.6984850773145796,2.489751934195984,0
GSE114517,nusvr,GSM3143322,-0.9169923651599474,-0.6377517607131087,1
GSE114517,nusvr,GSM3143323,-0.6940968035789424,-0.6377517607131087,0
GSE114517,music,GSM3143295,-1.2497559084217735,-0.633949906892713,0
GSE114517,music,GSM3143296,1.6711307395915695,1.9716410668371547,0
GSE114517,music,GSM3143297,-0.7620617335733666,-0.633949906892713,1
GSE114517,music,GSM3143298,1.2877221801852419,0.509838420042188,0
GSE114517,music,GSM3143299,-0.4789952896765572,-0.633949906892713,0
GSE114517,music,GSM3143300,0.05466462628652183,-0.4888563188508905,0
GSE114517,music,GSM3143301,-0.6502395994524073,-0.633949906892713,1
GSE114517,music,GSM3143302,-0.6607273762625834,-0.6291924974652205,1
GSE114517,music,GSM3143303,-1.0436113543863517,-0.633949906892713,1
GSE114517,music,GSM3143304,0.6700804177874875,0.11421480719808216,1
GSE114517,music,GSM3143305,-0.8196133509162188,-0.633949906892713,1
GSE114517,music,GSM3143306,0.11619364412828759,-0.369263377223024,1
GSE114517,music,GSM3143307,1.7686861850707707,2.284863738070788,0
GSE114517,music,GSM3143308,0.6619938785903773,-0.11802065234100621,0
GSE114517,music,GSM3143309,-1.017413517383871,-0.633949906892713,1
GSE114517,music,GSM3143310,-1.3353435082719423,-0.633949906892713,1
GSE114517,music,GSM3143311,1.3224406764817687,1.1937891758063701,0
GSE114517,music,GSM3143312,1.5852004838869067,1.6047546533111323,1
GSE114517,music,GSM3143313,0.006745880372136503,-0.2217683408430622,1
GSE114517,music,GSM3143314,-0.6727597010225734,-0.633949906892713,1
GSE114517,music,GSM3143315,-0.7692154639465538,-0.633949906892713,1
GSE114517,music,GSM3143316,1.1587855889686194,0.7116645679020628,1
GSE114517,music,GSM3143317,-0.6633774928591499,-0.633949906892713,1
GSE114517,music,GSM3143318,0.8276558352347023,0.07435232406398039,0
GSE114517,music,GSM3143319,-0.7977329749827939,-0.633949906892713,0
GSE114517,music,GSM3143320,-0.2978487740039363,-0.633949906892713,1
GSE114517,music,GSM3143321,1.6984850773145796,2.8712310368821417,0
GSE114517,music,GSM3143322,-0.9169923651599474,-0.633949906892713,1
GSE114517,music,GSM3143323,-0.6940968035789424,-0.633949906892713,0
GSE168496,nnls,1996-105,0.876567863072836,0.0,0
GSE168496,nnls,1997-042,0.28721214744284684,0.0,0
GSE168496,nnls,2000-025,1.9220564868609569,0.0,0
GSE168496,nnls,2001-139,-0.9505258385324934,0.0,0
GSE168496,nnls,2003-035,0.09780885028052087,0.0,0
GSE168496,nnls,2009-039,1.3294631760824205,0.0,0
GSE168496,nnls,2012-067,1.6528495584459184,0.0,0
GSE168496,nnls,2016-016,0.1009230204297997,0.0,1
GSE168496,nnls,2016-023,-1.12489773027274,0.0,1
GSE168496,nnls,2016-051,-1.9172948338069011,0.0,1
GSE168496,nnls,2017-012,-0.32110148961202356,0.0,1
GSE168496,nnls,2017-016,-0.3179507997859737,0.0,0
GSE168496,nnls,2017-041,-0.06387661940270173,0.0,1
GSE168496,nnls,2017-056,-0.6560601888461107,0.0,1
GSE168496,nnls,2017-059,-0.32851005544903905,0.0,1
GSE168496,nnls,2017-079,-0.5866635469073157,0.0,1
GSE168496,nusvr,1996-105,0.876567863072836,1.6489436199493186,0
GSE168496,nusvr,1997-042,0.28721214744284684,-0.3596886706647069,0
GSE168496,nusvr,2000-025,1.9220564868609569,-0.3596886706647069,0
GSE168496,nusvr,2001-139,-0.9505258385324934,-0.3596886706647069,0
GSE168496,nusvr,2003-035,0.09780885028052087,-0.3596886706647069,0
GSE168496,nusvr,2009-039,1.3294631760824205,-0.3596886706647069,0
GSE168496,nusvr,2012-067,1.6528495584459184,3.3866977693565783,0
GSE168496,nusvr,2016-016,0.1009230204297997,-0.3596886706647069,1
GSE168496,nusvr,2016-023,-1.12489773027274,-0.3596886706647069,1
GSE168496,nusvr,2016-051,-1.9172948338069011,-0.3596886706647069,1
GSE168496,nusvr,2017-012,-0.32110148961202356,-0.3596886706647069,1
GSE168496,nusvr,2017-016,-0.3179507997859737,-0.3596886706647069,0
GSE168496,nusvr,2017-041,-0.06387661940270173,-0.3596886706647069,1
GSE168496,nusvr,2017-056,-0.6560601888461107,-0.3596886706647069,1
GSE168496,nusvr,2017-059,-0.32851005544903905,-0.3596886706647069,1
GSE168496,nusvr,2017-079,-0.5866635469073157,-0.3596886706647069,1
GSE168496,music,1996-105,0.876567863072836,0.4660739157428112,0
GSE168496,music,1997-042,0.28721214744284684,-0.5298712020178594,0
GSE168496,music,2000-025,1.9220564868609569,1.8828154244708502,0
GSE168496,music,2001-139,-0.9505258385324934,-0.5298712020178594,0
GSE168496,music,2003-035,0.09780885028052087,-0.5298712020178594,0
GSE168496,music,2009-039,1.3294631760824205,1.3604560671888268,0
GSE168496,music,2012-067,1.6528495584459184,2.6491090168118245,0
GSE168496,music,2016-016,0.1009230204297997,-0.5298712020178594,1
GSE168496,music,2016-023,-1.12489773027274,-0.5298712020178594,1
GSE168496,music,2016-051,-1.9172948338069011,-0.5298712020178594,1
GSE168496,music,2017-012,-0.32110148961202356,-0.5298712020178594,1
GSE168496,music,2017-016,-0.3179507997859737,-0.5298712020178594,0
GSE168496,music,2017-041,-0.06387661940270173,-0.5298712020178594,1
GSE168496,music,2017-056,-0.6560601888461107,-0.5298712020178594,1
GSE168496,music,2017-059,-0.32851005544903905,-0.5298712020178594,1
GSE168496,music,2017-079,-0.5866635469073157,-0.5298712020178594,1
