list,draw,n_significant,best_p_adj
up,0,0,1.0
up,1,1,0.049834465894690656
up,2,3,0.04906507370886573
up,3,8,0.016737708792883207
up,4,0,1.0
up,5,1,0.014821443672304273
up,6,37,0.026259970702614502
up,7,3,0.016167531123567055
up,8,4,0.04972443299588615
up,9,1,0.011579252868987713
up,10,1,0.004910347569233107
up,11,0,1.0
up,12,0,1.0
up,13,0,1.0
up,14,0,1.0
up,15,0,1.0
up,16,0,1.0
up,17,0,1.0
up,18,22,0.009947428002150208
up,19,0,1.0
up,20,0,1.0
up,21,40,0.002691002771008306
up,22,2,0.036423571360542716
up,23,4,0.01557587863856934
up,24,0,1.0
up,25,0,1.0
up,26,5,0.0018591895762356159
up,27,0,1.0
up,28,10,0.002170579647664329
up,29,0,1.0
up,30,0,1.0
up,31,0,1.0
up,32,0,1.0
up,33,0,1.0
up,34,2,0.03163063662272003
up,35,0,1.0
up,36,0,1.0
up,37,0,1.0
up,38,7,0.010234505357079064
up,39,1,0.03194900080775851
up,40,1,0.027073680499107824
up,41,1,0.00891330819636741
up,42,1,0.041341888952842375
up,43,0,1.0
up,44,0,1.0
up,45,0,1.0
up,46,0,1.0
up,47,0,1.0
up,48,0,1.0
up,49,0,1.0
up,50,11,0.045406034733676014
up,51,5,0.009474493431387995
up,52,2,0.018539025546737135
up,53,0,1.0
up,54,0,1.0
up,55,0,1.0
up,56,2,0.04155925798152904
up,57,0,1.0
up,58,0,1.0
up,59,3,0.03839814855921984
up,60,4,0.012041623371023937
up,61,0,1.0
up,62,0,1.0
up,63,0,1.0
up,64,2,0.04019209357068356
up,65,38,0.012332323860029462
up,66,15,0.0052370313220447655
up,67,1,0.04575067317945571
up,68,0,1.0
up,69,0,1.0
up,70,0,1.0
up,71,0,1.0
up,72,2,0.04771436465279436
up,73,0,1.0
up,74,0,1.0
up,75,1,0.005527056823223931
up,76,0,1.0
up,77,0,1.0
up,78,1,0.015579489726890192
up,79,0,1.0
up,80,2,0.019231536428600638
up,81,0,1.0
up,82,0,1.0
up,83,3,0.015544854771393512
up,84,0,1.0
up,85,0,1.0
up,86,0,1.0
up,87,0,1.0
up,88,0,1.0
up,89,0,1.0
up,90,0,1.0
up,91,0,1.0
up,92,0,1.0
up,93,12,0.046157950907150344
up,94,0,1.0
up,95,0,1.0
up,96,4,0.04562433297758792
up,97,1,0.02743446808492307
up,98,14,0.032703155968897606
up,99,0,1.0
down,0,28,0.028452044722851875
down,1,6,0.0056277173461472116
down,2,4,0.00803718510463636
down,3,12,0.04904481346346312
down,4,7,0.01041937720846607
down,5,1,0.048137990131103536
down,6,9,0.012847169803623408
down,7,12,0.015608619470383318
down,8,8,0.03175026680896524
down,9,0,1.0
down,10,6,0.007846645899770969
down,11,25,0.001652512494872028
down,12,0,1.0
down,13,0,1.0
down,14,21,0.0045459339913237655
down,15,0,1.0
down,16,1,0.027432279051613367
down,17,10,0.019210245464247877
down,18,1,0.03417167252257248
down,19,0,1.0
down,20,1,0.027748132337246934
down,21,10,0.038911645650503576
down,22,17,0.0006923517281252446
down,23,0,1.0
down,24,6,0.03915912978341371
down,25,36,0.009665639120949598
down,26,17,0.03401578633134878
down,27,0,1.0
down,28,7,0.0382329691645622
down,29,3,0.02814128911308574
down,30,0,1.0
down,31,0,1.0
down,32,24,0.0104055496264676
down,33,0,1.0
down,34,0,1.0
down,35,3,0.02027748132337276
down,36,6,0.013182251417899367
down,37,0,1.0
down,38,13,0.027720981522826982
down,39,0,1.0
down,40,1,0.010744309295215235
down,41,7,0.021039567939267322
down,42,9,0.040390653366012816
down,43,40,0.004238888131379048
down,44,9,0.03198574791095421
down,45,11,0.014912957779671077
down,46,6,0.007358357524335823
down,47,0,1.0
down,48,9,0.008574950723310869
down,49,0,1.0
down,50,0,1.0
down,51,1,0.004272750581278115
down,52,39,0.001351766088680611
down,53,1,0.038273783929332825
down,54,6,0.0022950920088323314
down,55,16,0.03954601559899793
down,56,0,1.0
down,57,47,0.0365558990488287
down,58,14,0.027392387050871974
down,59,6,0.03557452863749607
down,60,18,0.020470878663010693
down,61,14,0.038420490928495754
down,62,1,0.03554689151126619
down,63,0,1.0
down,64,3,0.025728716563398236
down,65,0,1.0
down,66,0,1.0
down,67,2,0.012193733452650804
down,68,0,1.0
down,69,0,1.0
down,70,0,1.0
down,71,0,1.0
down,72,0,1.0
down,73,5,0.045250800426895
down,74,0,1.0
down,75,1,0.0068887650054846655
down,76,0,1.0
down,77,0,1.0
down,78,12,0.04158147228424047
down,79,8,0.005080066628270349
down,80,0,1.0
down,81,27,0.0004887146595601152
down,82,0,1.0
down,83,0,1.0
down,84,8,0.030149413020277918
down,85,18,0.012541346298335044
down,86,0,1.0
down,87,6,0.04660263251511985
down,88,0,1.0
down,89,16,0.03577848020397933
down,90,2,0.0033217050207594223
down,91,0,1.0
down,92,0,1.0
down,93,12,0.018143009605122995
down,94,0,1.0
down,95,5,0.04695837780149481
down,96,0,1.0
down,97,4,0.0019650559876475955
down,98,0,1.0
down,99,5,0.03892324079886485
all,0,1,0.017291462516164056
all,1,0,1.0
all,2,0,1.0
all,3,0,1.0
all,4,1,0.033707201723428296
all,5,0,1.0
all,6,0,1.0
all,7,0,1.0
all,8,1,0.022884212887366282
all,9,2,0.014570164320373497
all,10,0,1.0
all,11,1,0.03577611681703287
all,12,0,1.0
all,13,0,1.0
all,14,0,1.0
all,15,0,1.0
all,16,0,1.0
all,17,10,0.034969454461523976
all,18,0,1.0
all,19,2,0.03745437720773978
all,20,0,1.0
all,21,1,0.03445846968709618
all,22,0,1.0
all,23,4,0.019736208637581777
all,24,0,1.0
all,25,6,0.034582539297184745
all,26,0,1.0
all,27,0,1.0
all,28,0,1.0
all,29,0,1.0
all,30,0,1.0
all,31,0,1.0
all,32,0,1.0
all,33,0,1.0
all,34,0,1.0
all,35,0,1.0
all,36,2,0.026651068312768863
all,37,1,0.03952295126810583
all,38,1,0.03708387690135113
all,39,0,1.0
all,40,4,0.014465621080248486
all,41,0,1.0
all,42,0,1.0
all,43,0,1.0
all,44,0,1.0
all,45,36,0.03843635402563119
all,46,0,1.0
all,47,0,1.0
all,48,0,1.0
all,49,0,1.0
all,50,0,1.0
all,51,0,1.0
all,52,0,1.0
all,53,0,1.0
all,54,0,1.0
all,55,0,1.0
all,56,0,1.0
all,57,1,0.03925037919039475
all,58,0,1.0
all,59,0,1.0
all,60,0,1.0
all,61,3,0.03196912530205381
all,62,0,1.0
all,63,0,1.0
all,64,4,0.0146700454502423
all,65,0,1.0
all,66,14,0.011162092649607172
all,67,0,1.0
all,68,0,1.0
all,69,2,0.006387086692930177
all,70,0,1.0
all,71,0,1.0
all,72,0,1.0
all,73,1,0.03478664558887805
all,74,0,1.0
all,75,0,1.0
all,76,0,1.0
all,77,9,0.03430607727661702
all,78,0,1.0
all,79,1,0.03582236798497578
all,80,0,1.0
all,81,2,0.018850664572686613
all,82,0,1.0
all,83,3,0.03726582457443867
all,84,1,0.023745516759056163
all,85,1,0.02906394975785002
all,86,0,1.0
all,87,0,1.0
all,88,0,1.0
all,89,27,0.001899134937666937
all,90,4,0.03019218296393189
all,91,0,1.0
all,92,2,0.026011469239281583
all,93,0,1.0
all,94,0,1.0
all,95,0,1.0
all,96,0,1.0
all,97,1,0.0431825260407407
all,98,2,0.02766606588767408
all,99,0,1.0
