gene,symbol,name,direction,hedges_g_discovery,p_discovery,deg,boruta_fold_frequency,shap_rank,single_gene_auc,g_external_neuron_adjusted,replicates_in_bulk,dopamine_lineage_score,top_subtype_marker,pd_association_open_targets,pd_genetic_association,pd_literature,best_pathway_neighbours,summary
ENSG00000136040,PLXNC1,plexin C1,up,1.2294639068927786,0.000141686212522,True,0.96,2,0.7797979797979798,0.5624802781723726,True,7.697105127385006,CALB1_CALCR,0.0014783194187388072,0.0,0.012158615952232422,"Negative Regulation Of Cell Adhesion (GO:0007162) (GO:BP; p=3.5e-01, FDR=0.74)",This gene encodes a member of the plexin family.
ENSG00000172137,CALB2,calbindin 2,up,1.0371110702903217,0.0008888447033424,True,0.52,12,0.7444444444444445,0.3534372448900706,True,3.684849617114178,CALB1_GEM,0.0573699067057432,0.0,0.31545107564532804,"Calcium Ion Binding (GO:0005509) (GO:MF; p=2.9e-01, FDR=0.74)",This gene encodes an intracellular calcium-binding protein belonging to the troponin C superfamily.
ENSG00000173914,RBM4B,RNA binding motif protein 4B,up,1.0319787823540092,0.0001767233065306,True,1.0,1,0.7757575757575758,0.659102746660229,True,-1.8245803708765886,SOX6_DDT,0.0,0.0,0.0,"mRNA Splicing, Via Spliceosome (GO:0000398) (GO:BP; p=3.2e-01, FDR=0.74)",Enables RNA binding activity.
ENSG00000136235,GPNMB,glycoprotein nmb,up,0.970446065379424,0.0002725729847452,True,0.92,3,0.7676767676767677,0.4260457458774654,True,-0.4989439996602775,SOX6_AGTR1,0.5037561685181942,0.7819308449600633,0.9341960096792198,"Regulation Of T Cell Activation (GO:0050863) (GO:BP; p=1.9e-01, FDR=0.74)","The protein encoded by this gene is a type I transmembrane glycoprotein which shows homology to the pMEL17 precursor, a melanocyte-specific protein."
ENSG00000089280,FUS,FUS RNA binding protein,up,0.8925165752231696,0.002887350725337,True,0.36,20,0.7191919191919192,0.0732449244745336,True,0.0,,0.04596435354129424,0.0,0.25161291834219013,"Positive Regulation Of Double-Strand Break Repair Via Homologous Recombination (GO:1905168) (GO:BP; p=1.1e-01, FDR=0.74)",This gene encodes a multifunctional protein component of the heterogeneous nuclear ribonucleoprotein (hnRNP) complex.
ENSG00000101040,ZMYND8,zinc finger MYND-type containing 8,up,0.8919654780286039,0.0009337188905198,True,0.84,6,0.7434343434343434,0.2881492683099391,True,-1.5802246266228808,SOX6_GFRA2,0.004337170741338559,0.0,0.030396539880581056,"Double-Strand Break Repair Via Homologous Recombination (GO:0000724) (GO:BP; p=2.7e-01, FDR=0.74)",The protein encoded by this gene is a receptor for activated C-kinase (RACK) protein.
ENSG00000196367,TRRAP,transformation/transcription domain associated protein,up,0.8322070656777519,0.001586432753544,True,0.32,30,0.7323232323232324,0.0599308860392685,True,0.55594488691528,CALB1_CALCR,0.3325209330629493,0.0,0.0,"Histone H2A Acetylation (GO:0043968) (GO:BP; p=4.6e-02, FDR=0.74)",This gene encodes a large multidomain protein of the phosphoinositide 3-kinase-related kinases (PIKK) family.
ENSG00000143847,PPFIA4,PPFI scaffold protein A4,up,0.8241694594587151,0.0009337188905198,True,0.76,9,0.7434343434343434,0.464652965928062,True,0.9804841432914665,CALB1_PPP1R17,0.0073915970936940375,0.0,0.06079307976116211,"Serotonin Neurotransmitter Release Cycle R-HSA-181429 (Reactome; p=4.5e-01, FDR=0.74)","PPFIA4, or liprin-alpha-4, belongs to the liprin-alpha gene family."
ENSG00000164151,ICE1,interactor of little elongation complex ELL subunit 1,up,0.7281949214079321,0.0135004521697941,False,0.8,5,0.6818181818181819,0.1360254627703265,True,0.0,,0.0,0.0,0.0,"Regulation Of Transcription By RNA Polymerase III (GO:0006359) (GO:BP; p=2.2e-01, FDR=0.74)",Enables protein-macromolecule adaptor activity.
ENSG00000119866,BCL11A,BCL11 transcription factor A,up,0.7031794754162113,0.0010298290629904,True,0.4,28,0.7414141414141414,0.1574618678603392,True,0.6682984775575544,SOX6_GFRA2,0.00819235344551089,0.0,0.06737899673528801,"DNA-binding Transcription Repressor Activity, RNA Polymerase II-specific (GO:0001227) (GO:MF; p=1.7e-01, FDR=0.74)",This gene encodes a C2H2 type zinc-finger protein by its similarity to the mouse Bcl11a/Evi9 protein.
ENSG00000114302,PRKAR2A,protein kinase cAMP-dependent type II regulatory subunit alpha,up,0.6889060107623163,0.0179280636346651,False,0.32,22,0.6742424242424243,-0.0821914123460424,False,-0.036380689071914274,SOX6_GFRA2,0.01979006469798571,0.0,0.16276576853594993,"Plasma Membrane Raft (GO:0044853) (GO:CC; p=3.5e-01, FDR=0.74)",cAMP is a signaling molecule important for a variety of cellular functions.
ENSG00000132002,DNAJB1,DnaJ heat shock protein family (Hsp40) member B1,up,0.6789664749387754,0.0074347147526906,True,0.56,11,0.696969696969697,0.3658861134130242,True,-2.960348980936168,SOX6_DDT,0.08919525582949817,0.0,0.7302446089406338,"Attenuation Phase R-HSA-3371568 (Reactome; p=8.5e-02, FDR=0.74)",This gene encodes a member of the DnaJ or Hsp40 (heat shock protein 40 kD) family of proteins.
ENSG00000197448,GSTK1,glutathione S-transferase kappa 1,up,0.617329510174259,0.0026383344145603,True,0.36,14,0.7212121212121213,0.0437390092987635,True,0.46397547063817157,SOX6_DDT,0.003326218692162316,0.0,0.02735688589252295,"Epithelial Cell Differentiation (GO:0030855) (GO:BP; p=2.6e-01, FDR=0.74)",This gene encodes a member of the kappa class of the glutathione transferase superfamily of enzymes that function in cellular detoxification.
ENSG00000104327,CALB1,calbindin 1,up,0.5680324755760822,0.0044850799952137,True,0.52,10,0.709090909090909,0.4536330770674598,True,15.367524036537558,CALB1_CALCR,0.08909162182492412,0.0,0.47856536620198986,"Amyloid Fiber Formation R-HSA-977225 (Reactome; p=7.0e-02, FDR=0.74)",The protein encoded by this gene is a member of the calcium-binding protein superfamily that includes calmodulin and troponin C.
ENSG00000145050,MANF,mesencephalic astrocyte derived neurotrophic factor,up,0.5501630036073192,0.016953475524816,False,0.16,25,0.6757575757575758,0.3909554263137294,True,-1.01269039561239,SOX6_DDT,0.11097903228202782,0.0,0.8409637784109902,"Endoplasmic Reticulum Lumen (GO:0005788) (GO:CC; p=2.4e-01, FDR=0.74)","The protein encoded by this gene is localized in the endoplasmic reticulum (ER) and golgi, and is also secreted."
ENSG00000003402,CFLAR,CASP8 and FADD like apoptosis regulator,up,0.5437844227360927,0.0060413540240205,True,0.56,8,0.702020202020202,-0.1064312548029262,False,0.7255581616174815,CALB1_GEM,0.004506821005738447,0.0,0.03706689168770857,"Apoptosis WP254 (WikiPathways; p=4.5e-02, FDR=0.74)",The protein encoded by this gene is a regulator of apoptosis and is structurally similar to caspase-8.
ENSG00000141837,CACNA1A,calcium voltage-gated channel subunit alpha1 A,up,0.4814977993139482,0.0661754642115616,False,0.24,29,0.6353535353535353,0.0757204420108264,True,-2.7598202991252827,SOX6_AGTR1,0.3604482300567952,0.0,0.23011679363041723,"Cellular Response To Amyloid-Beta (GO:1904646) (GO:BP; p=8.9e-02, FDR=0.74)","Voltage-dependent calcium channels mediate the entry of calcium ions into excitable cells, and are also involved in a variety of calcium-dependent processes, including muscle contraction, hormone or neurotransmitter release, and gene expression."
ENSG00000185513,L3MBTL1,L3MBTL histone methyl-lysine binding protein 1,up,0.4432309232925013,0.0769902063380395,False,0.16,16,0.6303030303030304,0.0971462370299795,True,0.018402059210336774,CALB1_GEM,0.0,0.0,0.0,"Regulation Of Mitotic Nuclear Division (GO:0007088) (GO:BP; p=4.6e-02, FDR=0.74)",This gene represents a polycomb group gene.
ENSG00000100600,LGMN,legumain,down,-0.4551895743131892,0.029162383129918,False,0.2,26,0.6606060606060606,0.128637248751018,False,0.0,,0.08162707293605113,0.0,0.6713516839148433,"Cellular Response To Amyloid-Beta (GO:1904646) (GO:BP; p=8.9e-02, FDR=0.74)",This gene encodes a cysteine protease that has a strict specificity for hydrolysis of asparaginyl bonds.
ENSG00000135298,ADGRB3,adhesion G protein-coupled receptor B3,down,-0.5180780806430797,0.0084030257641808,True,0.36,15,0.693939393939394,0.0014905646528994,False,0.0,,0.0,0.0,0.0,"Adenylate Cyclase-Activating G Protein-Coupled Receptor Signaling Pathway (GO:0007189) (GO:BP; p=3.1e-01, FDR=0.74)","This p53-target gene encodes a brain-specific angiogenesis inhibitor, a seven-span transmembrane protein, and is thought to be a member of the secretin receptor family."
ENSG00000085719,CPNE3,copine 3,down,-0.5581699444139162,0.0271879598371368,False,0.4,19,0.6626262626262627,0.2293751362781411,False,-8.94710442808607,SOX6_AGTR1,0.0,0.0,0.0,"Receptor Tyrosine Kinase Binding (GO:0030971) (GO:MF; p=2.7e-01, FDR=0.74)",Calcium-dependent membrane-binding proteins may regulate molecular events at the interface of the cell membrane and cytoplasm.
ENSG00000144619,CNTN4,contactin 4,down,-0.627145046649201,0.002887350725337,True,0.72,7,0.7191919191919192,0.0950143673360987,False,-3.1436760383582754,SOX6_AGTR1,0.010729766422884354,0.0,0.03429236307527553,"Neuron Cell-Cell Adhesion (GO:0007158) (GO:BP; p=8.6e-02, FDR=0.74)",This gene encodes a member of the contactin family of immunoglobulins.
ENSG00000173611,SCAI,suppressor of cancer cell invasion,down,-0.6614467818506521,0.0008459767379691,True,0.72,4,0.7454545454545455,0.1339620995132439,False,-0.17545711870464498,CALB1_PPP1R17,0.0,0.0,0.0,"Negative Regulation Of Ras Protein Signal Transduction (GO:0046580) (GO:BP; p=3.0e-01, FDR=0.74)",This gene encodes a regulator of cell migration.
ENSG00000164181,ELOVL7,ELOVL fatty acid elongase 7,down,-0.6831983523517949,0.0041126849962589,True,0.4,21,0.7111111111111111,-0.2897203324608198,True,-3.0569322013288476,SOX6_AGTR1,0.3164018480363391,0.5068845785838092,0.2635856377957975,"fatty-acyl-CoA Biosynthetic Process (GO:0046949) (GO:BP; p=2.6e-01, FDR=0.74)",Enables fatty acid elongase activity.
ENSG00000140600,SH3GL3,"SH3 domain containing GRB2 like 3, endophilin A3",down,-0.6886622705013062,0.0111138787499094,False,0.52,13,0.6868686868686869,-0.150431558372801,True,-4.049687891336498,SOX6_AGTR1,0.001520871221109482,0.0,0.0,"10Q22Q23 Copy Number Variation WP5402 (WikiPathways; p=1.8e-01, FDR=0.74)",Enables identical protein binding activity.
ENSG00000182919,C11orf54,beta-keto-L-gulonate decarboxylase,down,-0.7096280883341349,0.0046825078928778,True,0.4,17,0.7080808080808081,-0.1500601960671987,True,-0.668130964500495,SOX6_GFRA2,0.0,0.0,0.0,"Zinc Ion Binding (GO:0008270) (GO:MF; p=3.2e-01, FDR=0.74)","Enables hydrolase activity, acting on ester bonds and zinc ion binding activity."
ENSG00000110693,SOX6,SRY-box transcription factor 6,down,-0.7692889853524748,0.0014429753630505,True,0.36,24,0.7343434343434344,-0.4105921445076537,True,-18.305267876046795,SOX6_AGTR1,0.08710349652799698,0.0,0.7163931887494486,"Brain Development (GO:0007420) (GO:BP; p=3.0e-01, FDR=0.74)",This gene encodes a member of the D subfamily of sex determining region y-related transcription factors that are characterized by a conserved DNA-binding domain termed the high mobility group box and by their ability to bind the minor groove of DNA.
ENSG00000005700,IBTK,inhibitor of Bruton tyrosine kinase,down,-0.8964764842736727,0.0009335864054648,True,0.6,18,0.7434343434343434,-0.1308089177978617,True,-1.3769266914131824,SOX6_AGTR1,0.0,0.0,0.0,"Negative Regulation Of Protein Modification Process (GO:0031400) (GO:BP; p=3.8e-01, FDR=0.74)","Bruton tyrosine kinase (BTK) is a protein tyrosine kinase that is expressed in B cells, macrophages, and neutrophils."
ENSG00000139874,SSTR1,somatostatin receptor 1,down,-0.9346415553753676,0.000566025005602,True,0.48,27,0.7535353535353535,-0.0696119530630936,True,-6.7926255021864,SOX6_DDT,0.07483992057365212,0.0,0.6155299325817664,"GPCRs Class A Rhodopsin Like WP455 (WikiPathways; p=9.0e-02, FDR=0.74)","Somatostatins are peptide hormones that regulate diverse cellular functions such as neurotransmission, cell proliferation, and endocrine signaling as well as inhibiting the release of many hormones and other secretory proteins."
ENSG00000152484,USP12,ubiquitin specific peptidase 12,down,-1.0614387240672607,0.00080503305593,True,0.48,23,0.7464646464646464,-0.2114445305348096,True,-4.852786355172452,SOX6_AGTR1,0.02328353084513621,0.0,0.19149820124766065,"Ub-specific Processing Proteases R-HSA-5689880 (Reactome; p=5.0e-01, FDR=0.74)",Enables cysteine-type endopeptidase activity and thiol-dependent deubiquitinase.
