threshold,n_genes,pooled_auc,genes,discovery_oob_auc
-1.0,30,0.7721392778516206,"CFLAR, IBTK, CPNE3, FUS, LGMN, ZMYND8, CALB1, SOX6, PRKAR2A, BCL11A, DNAJB1, ADGRB3, PLXNC1, GPNMB, SSTR1, SH3GL3, CACNA1A, PPFIA4, CNTN4, MANF, USP12, ICE1, ELOVL7, CALB2, SCAI, RBM4B, C11orf54, L3MBTL1, TRRAP, GSTK1",0.9656565656565657
0.0,30,0.7721392778516206,"CFLAR, IBTK, CPNE3, FUS, LGMN, ZMYND8, CALB1, SOX6, PRKAR2A, BCL11A, DNAJB1, ADGRB3, PLXNC1, GPNMB, SSTR1, SH3GL3, CACNA1A, PPFIA4, CNTN4, MANF, USP12, ICE1, ELOVL7, CALB2, SCAI, RBM4B, C11orf54, L3MBTL1, TRRAP, GSTK1",0.9656565656565657
0.04,30,0.7721392778516206,"CFLAR, IBTK, CPNE3, FUS, LGMN, ZMYND8, CALB1, SOX6, PRKAR2A, BCL11A, DNAJB1, ADGRB3, PLXNC1, GPNMB, SSTR1, SH3GL3, CACNA1A, PPFIA4, CNTN4, MANF, USP12, ICE1, ELOVL7, CALB2, SCAI, RBM4B, C11orf54, L3MBTL1, TRRAP, GSTK1",0.9656565656565657
0.08,30,0.7721392778516206,"CFLAR, IBTK, CPNE3, FUS, LGMN, ZMYND8, CALB1, SOX6, PRKAR2A, BCL11A, DNAJB1, ADGRB3, PLXNC1, GPNMB, SSTR1, SH3GL3, CACNA1A, PPFIA4, CNTN4, MANF, USP12, ICE1, ELOVL7, CALB2, SCAI, RBM4B, C11orf54, L3MBTL1, TRRAP, GSTK1",0.9656565656565657
0.12,30,0.7721392778516206,"CFLAR, IBTK, CPNE3, FUS, LGMN, ZMYND8, CALB1, SOX6, PRKAR2A, BCL11A, DNAJB1, ADGRB3, PLXNC1, GPNMB, SSTR1, SH3GL3, CACNA1A, PPFIA4, CNTN4, MANF, USP12, ICE1, ELOVL7, CALB2, SCAI, RBM4B, C11orf54, L3MBTL1, TRRAP, GSTK1",0.9656565656565657
0.16,28,0.7738755714231742,"CFLAR, IBTK, CPNE3, FUS, LGMN, ZMYND8, CALB1, SOX6, PRKAR2A, BCL11A, DNAJB1, ADGRB3, PLXNC1, GPNMB, SSTR1, SH3GL3, CACNA1A, PPFIA4, CNTN4, USP12, ICE1, ELOVL7, CALB2, SCAI, RBM4B, C11orf54, TRRAP, GSTK1",0.9555555555555555
0.2,27,0.7647514330657819,"CFLAR, IBTK, CPNE3, FUS, ZMYND8, CALB1, SOX6, PRKAR2A, BCL11A, DNAJB1, ADGRB3, PLXNC1, GPNMB, SSTR1, SH3GL3, CACNA1A, PPFIA4, CNTN4, USP12, ICE1, ELOVL7, CALB2, SCAI, RBM4B, C11orf54, TRRAP, GSTK1",0.9535353535353536
0.24,26,0.7701255585436138,"CFLAR, IBTK, CPNE3, FUS, ZMYND8, CALB1, SOX6, PRKAR2A, BCL11A, DNAJB1, ADGRB3, PLXNC1, GPNMB, SSTR1, SH3GL3, PPFIA4, CNTN4, USP12, ICE1, ELOVL7, CALB2, SCAI, RBM4B, C11orf54, TRRAP, GSTK1",0.9575757575757575
0.28,26,0.7701255585436138,"CFLAR, IBTK, CPNE3, FUS, ZMYND8, CALB1, SOX6, PRKAR2A, BCL11A, DNAJB1, ADGRB3, PLXNC1, GPNMB, SSTR1, SH3GL3, PPFIA4, CNTN4, USP12, ICE1, ELOVL7, CALB2, SCAI, RBM4B, C11orf54, TRRAP, GSTK1",0.9575757575757575
0.32,24,0.7621489461084837,"CFLAR, IBTK, CPNE3, FUS, ZMYND8, CALB1, SOX6, BCL11A, DNAJB1, ADGRB3, PLXNC1, GPNMB, SSTR1, SH3GL3, PPFIA4, CNTN4, USP12, ICE1, ELOVL7, CALB2, SCAI, RBM4B, C11orf54, GSTK1",0.9595959595959597
0.36,20,0.7608576413574714,"CFLAR, IBTK, CPNE3, ZMYND8, CALB1, BCL11A, DNAJB1, PLXNC1, GPNMB, SSTR1, SH3GL3, PPFIA4, CNTN4, USP12, ICE1, ELOVL7, CALB2, SCAI, RBM4B, C11orf54",0.9585858585858585
0.4,16,0.7749024587939923,"CFLAR, IBTK, ZMYND8, CALB1, DNAJB1, PLXNC1, GPNMB, SSTR1, SH3GL3, PPFIA4, CNTN4, USP12, ICE1, CALB2, SCAI, RBM4B",0.9505050505050505
0.44,16,0.7749024587939923,"CFLAR, IBTK, ZMYND8, CALB1, DNAJB1, PLXNC1, GPNMB, SSTR1, SH3GL3, PPFIA4, CNTN4, USP12, ICE1, CALB2, SCAI, RBM4B",0.9505050505050505
0.48,14,0.7515837137096912,"CFLAR, IBTK, ZMYND8, CALB1, DNAJB1, PLXNC1, GPNMB, SH3GL3, PPFIA4, CNTN4, ICE1, CALB2, SCAI, RBM4B",0.9585858585858587
0.52,11,0.7720635031031156,"CFLAR, IBTK, ZMYND8, DNAJB1, PLXNC1, GPNMB, PPFIA4, CNTN4, ICE1, SCAI, RBM4B",0.9555555555555556
0.56,9,0.7467196617655645,"IBTK, ZMYND8, PLXNC1, GPNMB, PPFIA4, CNTN4, ICE1, SCAI, RBM4B",0.9383838383838384
0.6,8,0.7246363241390443,"ZMYND8, PLXNC1, GPNMB, PPFIA4, CNTN4, ICE1, SCAI, RBM4B",0.9434343434343435
0.64,8,0.7246363241390443,"ZMYND8, PLXNC1, GPNMB, PPFIA4, CNTN4, ICE1, SCAI, RBM4B",0.9434343434343435
0.68,8,0.7246363241390443,"ZMYND8, PLXNC1, GPNMB, PPFIA4, CNTN4, ICE1, SCAI, RBM4B",0.9434343434343435
0.72,6,0.7001403872111114,"ZMYND8, PLXNC1, GPNMB, PPFIA4, ICE1, RBM4B",0.8858585858585858
0.76,5,0.7148241596515993,"ZMYND8, PLXNC1, GPNMB, ICE1, RBM4B",0.8737373737373738
0.8,4,0.7185272050666474,"ZMYND8, PLXNC1, GPNMB, RBM4B",0.8262626262626264
0.84,3,0.6778654446539519,"PLXNC1, GPNMB, RBM4B",0.8090909090909091
0.88,3,0.6778654446539519,"PLXNC1, GPNMB, RBM4B",0.8090909090909091
