threshold,n_genes,cohort,n,genes_measured,auc,ci_lo,ci_hi,accuracy
-1.0,30,GSE7621,25,30,0.9444444444444444,0.8382352941176471,1.0,0.88
-1.0,30,GSE20292,29,26,0.5303030303030303,0.31664473684210526,0.7355769230769231,0.5172413793103449
-1.0,30,GSE20163,17,26,0.4166666666666667,0.11666666666666667,0.75,0.29411764705882354
-1.0,30,GSE20164,11,26,0.7999999999999999,0.4642857142857143,1.0,0.7272727272727273
-1.0,30,GSE8397,23,26,0.775,0.5396773182957394,0.9555555555555555,0.6521739130434783
-1.0,30,GSE49036,23,30,0.8250000000000001,0.6111111111111112,0.9777777777777777,0.6086956521739131
-1.0,30,GSE114517,29,30,0.9019607843137255,0.7444345238095238,1.0,0.8620689655172413
-1.0,30,GSE168496,16,30,0.984375,0.90625,1.0,0.9375
0.0,30,GSE7621,25,30,0.9444444444444444,0.838235294117647,1.0,0.88
0.0,30,GSE20292,29,26,0.5303030303030303,0.3173076923076923,0.7450980392156863,0.5172413793103449
0.0,30,GSE20163,17,26,0.4166666666666667,0.1212121212121212,0.7428571428571429,0.29411764705882354
0.0,30,GSE20164,11,26,0.7999999999999999,0.4666666666666667,1.0,0.7272727272727273
0.0,30,GSE8397,23,26,0.775,0.5443749999999999,0.9555555555555555,0.6521739130434783
0.0,30,GSE49036,23,30,0.8250000000000001,0.6176470588235294,0.9732142857142857,0.6086956521739131
0.0,30,GSE114517,29,30,0.9019607843137255,0.7578867623604466,1.0,0.8620689655172413
0.0,30,GSE168496,16,30,0.984375,0.9047619047619048,1.0,0.9375
0.04,30,GSE7621,25,30,0.9444444444444444,0.8375541125541126,1.0,0.88
0.04,30,GSE20292,29,26,0.5303030303030303,0.31425685425685423,0.7381524725274727,0.5172413793103449
0.04,30,GSE20163,17,26,0.4166666666666667,0.125,0.75,0.29411764705882354
0.04,30,GSE20164,11,26,0.7999999999999999,0.4642857142857143,1.0,0.7272727272727273
0.04,30,GSE8397,23,26,0.775,0.5526315789473685,0.9523809523809524,0.6521739130434783
0.04,30,GSE49036,23,30,0.8250000000000001,0.625,0.9803921568627451,0.6086956521739131
0.04,30,GSE114517,29,30,0.9019607843137255,0.7598039215686274,1.0,0.8620689655172413
0.04,30,GSE168496,16,30,0.984375,0.90625,1.0,0.9375
0.08,30,GSE7621,25,30,0.9444444444444444,0.8333333333333333,1.0,0.88
0.08,30,GSE20292,29,26,0.5303030303030303,0.31578164160401,0.7323232323232324,0.5172413793103449
0.08,30,GSE20163,17,26,0.4166666666666667,0.1111111111111111,0.7424242424242424,0.29411764705882354
0.08,30,GSE20164,11,26,0.7999999999999999,0.4666666666666667,1.0,0.7272727272727273
0.08,30,GSE8397,23,26,0.775,0.5416666666666666,0.9553571428571429,0.6521739130434783
0.08,30,GSE49036,23,30,0.8250000000000001,0.6176225490196079,0.975,0.6086956521739131
0.08,30,GSE114517,29,30,0.9019607843137255,0.7575757575757576,1.0,0.8620689655172413
0.08,30,GSE168496,16,30,0.984375,0.90625,1.0,0.9375
0.12,30,GSE7621,25,30,0.9444444444444444,0.8311616692131398,1.0,0.88
0.12,30,GSE20292,29,26,0.5303030303030303,0.3125,0.7388888888888888,0.5172413793103449
0.12,30,GSE20163,17,26,0.4166666666666667,0.12115800865800866,0.75,0.29411764705882354
0.12,30,GSE20164,11,26,0.7999999999999999,0.4583333333333333,1.0,0.7272727272727273
0.12,30,GSE8397,23,26,0.775,0.5446428571428571,0.9545657467532468,0.6521739130434783
0.12,30,GSE49036,23,30,0.8250000000000001,0.624951923076923,0.9769230769230769,0.6086956521739131
0.12,30,GSE114517,29,30,0.9019607843137255,0.763157894736842,1.0,0.8620689655172413
0.12,30,GSE168496,16,30,0.984375,0.90625,1.0,0.9375
0.16,28,GSE7621,25,28,0.9236111111111112,0.7999999999999999,1.0,0.84
0.16,28,GSE20292,29,24,0.5277777777777778,0.3166666666666667,0.75,0.5172413793103449
0.16,28,GSE20163,17,24,0.3888888888888889,0.09722222222222222,0.7222222222222222,0.29411764705882354
0.16,28,GSE20164,11,24,0.8666666666666667,0.5714285714285714,1.0,0.7272727272727273
0.16,28,GSE8397,23,24,0.75,0.5098039215686274,0.947434210526316,0.6086956521739131
0.16,28,GSE49036,23,28,0.8666666666666667,0.6833134920634921,0.9916666666666667,0.6086956521739131
0.16,28,GSE114517,29,28,0.9019607843137254,0.7676515151515151,0.9950980392156863,0.8620689655172413
0.16,28,GSE168496,16,28,1.0,1.0,1.0,0.9375
0.2,27,GSE7621,25,27,0.8958333333333334,0.7467510822510822,1.0,0.8
0.2,27,GSE20292,29,23,0.5656565656565656,0.34313025210084036,0.7888970588235295,0.5172413793103449
0.2,27,GSE20163,17,23,0.3611111111111111,0.08333333333333333,0.6857142857142857,0.29411764705882354
0.2,27,GSE20164,11,23,0.8333333333333334,0.5,1.0,0.8181818181818182
0.2,27,GSE8397,23,23,0.7416666666666667,0.49016339869281045,0.9469796650717704,0.6086956521739131
0.2,27,GSE49036,23,27,0.85,0.65,1.0,0.6956521739130435
0.2,27,GSE114517,29,27,0.8823529411764706,0.7321287593984962,0.9855769230769231,0.7586206896551724
0.2,27,GSE168496,16,27,1.0,1.0,1.0,0.9375
0.24,26,GSE7621,25,26,0.9097222222222223,0.76,1.0,0.84
0.24,26,GSE20292,29,22,0.5505050505050506,0.3311038961038961,0.7619047619047619,0.5172413793103449
0.24,26,GSE20163,17,22,0.375,0.08571428571428572,0.7083333333333333,0.29411764705882354
0.24,26,GSE20164,11,22,0.8333333333333334,0.5,1.0,0.8181818181818182
0.24,26,GSE8397,23,22,0.7583333333333333,0.5,0.9777777777777777,0.5652173913043478
0.24,26,GSE49036,23,26,0.8583333333333334,0.6666666666666666,1.0,0.6521739130434783
0.24,26,GSE114517,29,26,0.9068627450980393,0.7788194444444444,0.9950980392156863,0.8620689655172413
0.24,26,GSE168496,16,26,0.96875,0.8571428571428572,1.0,0.9375
0.28,26,GSE7621,25,26,0.9097222222222223,0.76,1.0,0.84
0.28,26,GSE20292,29,22,0.5505050505050506,0.3282602813852814,0.7619227994227995,0.5172413793103449
0.28,26,GSE20163,17,22,0.375,0.08571428571428573,0.7,0.29411764705882354
0.28,26,GSE20164,11,22,0.8333333333333334,0.5,1.0,0.8181818181818182
0.28,26,GSE8397,23,22,0.7583333333333333,0.4901960784313726,0.9736842105263158,0.5652173913043478
0.28,26,GSE49036,23,26,0.8583333333333334,0.6607142857142857,1.0,0.6521739130434783
0.28,26,GSE114517,29,26,0.9068627450980393,0.7647058823529412,1.0,0.8620689655172413
0.28,26,GSE168496,16,26,0.96875,0.8545454545454545,1.0,0.9375
0.32,24,GSE7621,25,24,0.9027777777777779,0.7569444444444444,1.0,0.8
0.32,24,GSE20292,29,20,0.4974747474747475,0.2947295321637427,0.7058823529411764,0.5172413793103449
0.32,24,GSE20163,17,20,0.3611111111111111,0.06944444444444445,0.6923611111111113,0.29411764705882354
0.32,24,GSE20164,11,20,0.7666666666666666,0.39285714285714285,1.0,0.7272727272727273
0.32,24,GSE8397,23,20,0.7666666666666666,0.5230681818181817,0.9583333333333333,0.6086956521739131
0.32,24,GSE49036,23,24,0.8833333333333333,0.7153296703296702,1.0,0.6956521739130435
0.32,24,GSE114517,29,24,0.9166666666666667,0.7666666666666666,1.0,0.8620689655172413
0.32,24,GSE168496,16,24,0.984375,0.9047619047619049,1.0,0.9375
0.36,20,GSE7621,25,20,0.9444444444444444,0.8333333333333333,1.0,0.8
0.36,20,GSE20292,29,17,0.4949494949494949,0.27271464646464644,0.7105327657378742,0.5172413793103449
0.36,20,GSE20163,17,17,0.37500000000000006,0.1,0.7272727272727272,0.4117647058823529
0.36,20,GSE20164,11,17,0.7666666666666666,0.3928571428571429,1.0,0.7272727272727273
0.36,20,GSE8397,23,17,0.7416666666666667,0.5,0.9416666666666667,0.6086956521739131
0.36,20,GSE49036,23,20,0.8833333333333333,0.7,1.0,0.6086956521739131
0.36,20,GSE114517,29,20,0.8872549019607843,0.738063909774436,0.9903846153846154,0.7931034482758621
0.36,20,GSE168496,16,20,0.984375,0.90625,1.0,0.875
0.4,16,GSE7621,25,16,0.9583333333333333,0.8680555555555556,1.0,0.84
0.4,16,GSE20292,29,15,0.4823232323232323,0.27403273809523815,0.6969696969696969,0.5172413793103449
0.4,16,GSE20163,17,15,0.4027777777777778,0.10606060606060606,0.7272727272727273,0.5882352941176471
0.4,16,GSE20164,11,15,0.7333333333333334,0.3571428571428571,1.0,0.6363636363636364
0.4,16,GSE8397,23,15,0.775,0.5333333333333333,0.9523809523809524,0.5652173913043478
0.4,16,GSE49036,23,16,0.9333333333333333,0.8,1.0,0.6521739130434783
0.4,16,GSE114517,29,16,0.9019607843137255,0.7631446039340776,0.9950980392156863,0.7931034482758621
0.4,16,GSE168496,16,16,0.984375,0.9062127976190476,1.0,0.875
0.44,16,GSE7621,25,16,0.9583333333333333,0.861111111111111,1.0,0.84
0.44,16,GSE20292,29,15,0.4823232323232323,0.27222222222222225,0.6887295751633987,0.5172413793103449
0.44,16,GSE20163,17,15,0.4027777777777778,0.09999999999999999,0.7424242424242424,0.5882352941176471
0.44,16,GSE20164,11,15,0.7333333333333334,0.3333333333333333,1.0,0.6363636363636364
0.44,16,GSE8397,23,15,0.775,0.5384615384615384,0.9509803921568628,0.5652173913043478
0.44,16,GSE49036,23,16,0.9333333333333333,0.7936507936507937,1.0,0.6521739130434783
0.44,16,GSE114517,29,16,0.9019607843137255,0.7646988122171945,0.9949532085561497,0.7931034482758621
0.44,16,GSE168496,16,16,0.984375,0.9061755952380952,1.0,0.875
0.48,14,GSE7621,25,14,0.9097222222222223,0.7619047619047619,1.0,0.88
0.48,14,GSE20292,29,13,0.46212121212121215,0.2571031746031746,0.6767956002331004,0.5172413793103449
0.48,14,GSE20163,17,13,0.33333333333333337,0.06937500000000002,0.6571428571428571,0.35294117647058826
0.48,14,GSE20164,11,13,0.8,0.46428571428571425,1.0,0.6363636363636364
0.48,14,GSE8397,23,13,0.75,0.5,0.9500000000000001,0.6086956521739131
0.48,14,GSE49036,23,14,0.9333333333333333,0.8026054720133667,1.0,0.6956521739130435
0.48,14,GSE114517,29,14,0.8774509803921569,0.7058823529411765,1.0,0.8620689655172413
0.48,14,GSE168496,16,14,0.953125,0.8095238095238095,1.0,0.9375
0.52,11,GSE7621,25,11,0.9236111111111112,0.7933051948051949,1.0,0.76
0.52,11,GSE20292,29,10,0.46464646464646464,0.25263157894736843,0.6726190476190477,0.5172413793103449
0.52,11,GSE20163,17,10,0.5,0.18181818181818182,0.8181818181818181,0.5294117647058824
0.52,11,GSE20164,11,10,0.8333333333333334,0.5333333333333333,1.0,0.7272727272727273
0.52,11,GSE8397,23,10,0.7916666666666666,0.5681439393939394,0.9642857142857143,0.6086956521739131
0.52,11,GSE49036,23,11,0.9083333333333333,0.75,1.0,0.6521739130434783
0.52,11,GSE114517,29,11,0.8529411764705882,0.6904761904761905,0.9675324675324675,0.7241379310344828
0.52,11,GSE168496,16,11,0.96875,0.859375,1.0,0.875
0.56,9,GSE7621,25,9,0.9166666666666667,0.7719024122807018,1.0,0.88
0.56,9,GSE20292,29,8,0.4292929292929293,0.22549019607843135,0.644927536231884,0.4482758620689655
0.56,9,GSE20163,17,8,0.4861111111111111,0.19444444444444442,0.8030303030303031,0.4117647058823529
0.56,9,GSE20164,11,8,0.7666666666666666,0.33333333333333337,1.0,0.8181818181818182
0.56,9,GSE8397,23,8,0.6833333333333333,0.43333333333333335,0.8923076923076924,0.6521739130434783
0.56,9,GSE49036,23,9,0.925,0.788888888888889,1.0,0.7391304347826086
0.56,9,GSE114517,29,9,0.8578431372549019,0.6971153846153846,0.9759672619047619,0.7931034482758621
0.56,9,GSE168496,16,9,0.953125,0.8204545454545454,1.0,0.6875
0.6,8,GSE7621,25,8,0.9236111111111112,0.7948717948717948,1.0,0.88
0.6,8,GSE20292,29,7,0.35353535353535354,0.15656565656565657,0.563172084623323,0.4827586206896552
0.6,8,GSE20163,17,7,0.5277777777777778,0.2121212121212121,0.8333333333333333,0.47058823529411764
0.6,8,GSE20164,11,7,0.7666666666666666,0.33333333333333337,1.0,0.7272727272727273
0.6,8,GSE8397,23,7,0.6666666666666667,0.4017857142857143,0.8823774509803923,0.5652173913043478
0.6,8,GSE49036,23,8,0.9333333333333333,0.7954342532467532,1.0,0.7391304347826086
0.6,8,GSE114517,29,8,0.803921568627451,0.6127042483660131,0.9509803921568628,0.6551724137931034
0.6,8,GSE168496,16,8,0.90625,0.671875,1.0,0.75
0.64,8,GSE7621,25,8,0.9236111111111112,0.7916118421052631,1.0,0.88
0.64,8,GSE20292,29,7,0.35353535353535354,0.15713585434173666,0.5777813852813852,0.4827586206896552
0.64,8,GSE20163,17,7,0.5277777777777778,0.21428571428571427,0.8196726190476199,0.47058823529411764
0.64,8,GSE20164,11,7,0.7666666666666666,0.33333333333333337,1.0,0.7272727272727273
0.64,8,GSE8397,23,7,0.6666666666666667,0.4126750700280112,0.8923214285714287,0.5652173913043478
0.64,8,GSE49036,23,8,0.9333333333333333,0.8,1.0,0.7391304347826086
0.64,8,GSE114517,29,8,0.803921568627451,0.6086743393009378,0.951923076923077,0.6551724137931034
0.64,8,GSE168496,16,8,0.90625,0.6666666666666667,1.0,0.75
0.68,8,GSE7621,25,8,0.9236111111111112,0.7933333333333333,1.0,0.88
0.68,8,GSE20292,29,7,0.35353535353535354,0.15216858482523446,0.5686274509803921,0.4827586206896552
0.68,8,GSE20163,17,7,0.5277777777777778,0.20833333333333334,0.8333333333333334,0.47058823529411764
0.68,8,GSE20164,11,7,0.7666666666666666,0.33333333333333337,1.0,0.7272727272727273
0.68,8,GSE8397,23,7,0.6666666666666667,0.4,0.8921568627450981,0.5652173913043478
0.68,8,GSE49036,23,8,0.9333333333333333,0.803030303030303,1.0,0.7391304347826086
0.68,8,GSE114517,29,8,0.803921568627451,0.6210025062656641,0.9494949494949494,0.6551724137931034
0.68,8,GSE168496,16,8,0.90625,0.6666666666666667,1.0,0.75
0.72,6,GSE7621,25,6,0.9305555555555556,0.8012820512820513,1.0,0.8
0.72,6,GSE20292,29,6,0.4393939393939394,0.23232323232323232,0.6607368326118327,0.5172413793103449
0.72,6,GSE20163,17,6,0.4305555555555556,0.14285714285714285,0.7285714285714285,0.47058823529411764
0.72,6,GSE20164,11,6,0.6666666666666666,0.2333333333333333,1.0,0.8181818181818182
0.72,6,GSE8397,23,6,0.7333333333333334,0.4666071428571429,0.9473684210526316,0.5217391304347826
0.72,6,GSE49036,23,6,0.8416666666666667,0.6447295321637427,0.9833333333333334,0.6956521739130435
0.72,6,GSE114517,29,6,0.8186274509803921,0.5980392156862745,0.9848484848484849,0.8275862068965517
0.72,6,GSE168496,16,6,0.65625,0.33333333333333337,0.9206349206349206,0.6875
0.76,5,GSE7621,25,5,0.9097222222222222,0.7662337662337663,1.0,0.8
0.76,5,GSE20292,29,5,0.398989898989899,0.20129074357015536,0.6262639553429028,0.5172413793103449
0.76,5,GSE20163,17,5,0.5555555555555556,0.257564935064935,0.8333333333333334,0.5294117647058824
0.76,5,GSE20164,11,5,0.7666666666666666,0.3666666666666667,1.0,0.6363636363636364
0.76,5,GSE8397,23,5,0.7583333333333333,0.5,0.9736842105263157,0.5652173913043478
0.76,5,GSE49036,23,5,0.8666666666666667,0.6842105263157895,0.9923106060606061,0.6956521739130435
0.76,5,GSE114517,29,5,0.8137254901960784,0.5761278195488722,0.9903846153846153,0.8275862068965517
0.76,5,GSE168496,16,5,0.65625,0.3333333333333333,0.921875,0.6875
0.8,4,GSE7621,25,4,0.951388888888889,0.8571428571428571,1.0,0.8
0.8,4,GSE20292,29,4,0.4217171717171717,0.2107778637770898,0.6473684210526316,0.5172413793103449
0.8,4,GSE20163,17,4,0.41666666666666663,0.12857142857142856,0.7166666666666667,0.47058823529411764
0.8,4,GSE20164,11,4,0.7333333333333333,0.3333333333333333,1.0,0.6363636363636364
0.8,4,GSE8397,23,4,0.7666666666666666,0.5378246753246753,0.9461538461538461,0.6086956521739131
0.8,4,GSE49036,23,4,0.875,0.6904761904761905,1.0,0.782608695652174
0.8,4,GSE114517,29,4,0.8235294117647058,0.6168831168831169,0.9747660427807487,0.7241379310344828
0.8,4,GSE168496,16,4,0.71875,0.4285714285714286,0.9523809523809523,0.625
0.84,3,GSE7621,25,3,0.9166666666666667,0.779148629148629,1.0,0.8
0.84,3,GSE20292,29,3,0.35858585858585856,0.16176099227569815,0.5858755827505828,0.5172413793103449
0.84,3,GSE20163,17,3,0.36111111111111116,0.08333333333333333,0.6805555555555556,0.35294117647058826
0.84,3,GSE20164,11,3,0.7333333333333333,0.33333333333333337,1.0,0.5454545454545454
0.84,3,GSE8397,23,3,0.725,0.5,0.9126984126984128,0.6086956521739131
0.84,3,GSE49036,23,3,0.9333333333333333,0.8039215686274509,1.0,0.8260869565217391
0.84,3,GSE114517,29,3,0.7450980392156863,0.5094668737060041,0.9362886996904024,0.6896551724137931
0.84,3,GSE168496,16,3,0.625,0.31666666666666665,0.8975000000000003,0.625
0.88,3,GSE7621,25,3,0.9166666666666667,0.7921942640692641,1.0,0.8
0.88,3,GSE20292,29,3,0.35858585858585856,0.1590799825174825,0.5759830562659847,0.5172413793103449
0.88,3,GSE20163,17,3,0.36111111111111116,0.09090909090909088,0.6666666666666666,0.35294117647058826
0.88,3,GSE20164,11,3,0.7333333333333333,0.3214285714285714,1.0,0.5454545454545454
0.88,3,GSE8397,23,3,0.725,0.49999999999999994,0.9216013071895424,0.6086956521739131
0.88,3,GSE49036,23,3,0.9333333333333333,0.8015873015873016,1.0,0.8260869565217391
0.88,3,GSE114517,29,3,0.7450980392156863,0.5118849206349206,0.9509803921568628,0.6896551724137931
0.88,3,GSE168496,16,3,0.625,0.32727272727272727,0.8909090909090909,0.625
