size_8,size_14,size_30
0.6783710532732974,0.4904997140737535,0.6581616487898365
0.5223877460425403,0.5688815647120645,0.604434454198565
0.658691191926061,0.4301924592748292,0.6382832275492085
0.6384898800998766,0.7580765148939239,0.5636265966362022
0.5501489306530108,0.6718552191414313,0.6182004935447643
0.4582029707135964,0.7475103165280825,0.4812946276776607
0.49830088542686296,0.615874960073362,0.6052828308587405
0.5337380305949669,0.5332370586174565,0.6673455053767873
0.5153106635893103,0.6207172884918549,0.663761338306561
0.6191389412657688,0.6245302180252027,0.5504856453003342
0.755578438241648,0.6301569546192973,0.7599448024962306
0.5449194855731748,0.5835213749188588,0.6630323551736337
0.43913274190390816,0.6274956295357519,0.5944705899525689
0.5505406410243201,0.5240925276223645,0.681212241421354
0.5871008624153813,0.528915858688895,0.6501960269131299
0.5126140699755117,0.6128441418606329,0.5971944882349507
0.4539448377003631,0.660316678344135,0.6907410555744455
0.45836544637122667,0.6366989342592879,0.570028682781573
0.4552526712208793,0.4955355364251148,0.7146761091018996
0.6335140550352214,0.4989596749542346,0.6526335910962738
0.501913924178885,0.6034132982322373,0.6293306878715754
0.519319212183034,0.6214973605487036,0.598052910952435
0.741192827630264,0.4356684406114872,0.6223457586748135
0.6816089748213175,0.3960669685635684,0.6987850495777221
0.566610962566845,0.6896577127961011,0.605714875720826
0.6006074859441062,0.5560565275330662,0.7294814860608808
0.49076763040125837,0.5243037738829986,0.7492902503443135
0.5845842391957659,0.5897501021778478,0.6411633334363698
0.529924886402275,0.5454676611404765,0.6906927357560646
0.6205394646911138,0.5994459213007326,0.6868695455060636
0.7495297243087111,0.4816496956989137,0.6611677811779818
0.47670362241936537,0.7040543568977775,0.5958327752190384
0.578130763603392,0.5981119852039607,0.6963860167468634
0.4573928248826243,0.6429662572683654,0.5779509220048152
0.6034777389673684,0.5458223427749099,0.5334777561401158
0.5512876770080952,0.47426298860759925,0.7341973801256358
0.44941582606067476,0.6825903973430325,0.6206518603237408
0.6302125943213158,0.5510815396398532,0.5627869136794673
0.6258995514478343,0.6205167108006279,0.689803831411703
0.6588885711930594,0.6444759135043052,0.6200298634079662
0.5617762974869401,0.5969913775634619,0.6436500760752717
0.47141568266823275,0.6383444698601108,0.702288783791674
0.4533923045483739,0.5136229259614162,0.5365710616879438
0.6166925760495124,0.591732910540289,0.6087702509625326
0.6528675268495907,0.5927201717961663,0.5452898588056697
0.5172373599991757,0.6743467916155776,0.6581294069563366
0.603537113741976,0.7182269395759706,0.547945151961643
0.47312258937556456,0.6886707520633056,0.5694545334336222
0.5415857830257693,0.5656810797536741,0.7407166702729436
0.5430806492328933,0.5573063600987777,0.6596232427986083
0.4928021716656535,0.5211839579061612,0.5686273221847856
0.5246880570409982,0.626119491411909,0.6575787198747076
0.6459116839939689,0.5165943050017345,0.6301753079932271
0.5905597972241972,0.5576490852077387,0.5254658966406671
0.5996179063673114,0.623017814149657,0.6698342228816558
0.500690086859757,0.5206228383804039,0.7035450776036462
0.5831970675816307,0.7700332120937358,0.6703326189470358
0.5835127456132216,0.5226206943628738,0.5841395079664377
0.667071600053579,0.47728642253888764,0.6521353882243035
0.6069446161719199,0.7444205313934997,0.5028119086135068
0.5014464605250053,0.6439885509292174,0.7133022678330396
0.6669755614629808,0.6246232728509165,0.5718766206780488
0.4435631175749333,0.5528184771894394,0.6167252686676352
0.5633868865465261,0.5995201505019594,0.5716122462297233
0.5069225706572698,0.44245369368626764,0.6446662304788793
0.6691540103517322,0.6723283927338671,0.7239017598631675
0.4064797498961049,0.6024333997918663,0.5951886898567449
0.558850533557266,0.532008198269674,0.6239413001143705
0.7224437077335751,0.4645530448998657,0.7040058438859866
0.6082155712171013,0.5313302825947335,0.663049313261826
0.6257480019508241,0.6703129561511064,0.6804266740852936
0.4327488588709262,0.47496584769833666,0.551470330644081
0.39996161890925575,0.5658675757919213,0.542545095635031
0.609854924628811,0.5528395138051718,0.6992978063532297
0.6802023121387284,0.5163938990379827,0.6846505689331259
0.5869970531565227,0.5818171514533297,0.643403604216253
0.6014125014167516,0.6142090318348393,0.6882408323287277
0.46657936471137756,0.5185758468740448,0.6460512554995723
0.5333022291943577,0.49196375519904934,0.6744086564385782
0.505466901246398,0.6418418286915397,0.7069565512314577
0.6223082576873804,0.47339104235143,0.47512096054046077
0.5712482698456858,0.6282756586607318,0.6003647491576767
0.39560970122853834,0.6171604046242773,0.6551939404243042
0.5233433665110816,0.5213635633794593,0.5612536019837958
0.5659013202408305,0.614857002531263,0.7046255224808438
0.600164042670843,0.5322389570646966,0.513910784141998
0.703563903228133,0.4981863646667285,0.5728304165421643
0.6383227248685427,0.43179242269687695,0.4657365047963484
0.5192197390429284,0.6849308281729227,0.6159202102631209
0.641835367445279,0.5920533110774525,0.5880641247565763
0.6219207975710865,0.5292836130773907,0.7028303693171085
0.49941011612211883,0.4911731004365313,0.5877415561600362
0.5856255946063834,0.5561517504181563,0.710014373589688
0.621194454748093,0.5045078891602183,0.7334480902187466
0.6572643297991819,0.5922882557296872,0.6630107819095409
0.5313178538187038,0.6174520193433828,0.6974872621145147
0.6566458532966524,0.450453489330572,0.541120229840053
0.47857272572717996,0.5986268456410415,0.6906557714169921
0.4430828602241387,0.5382418626935799,0.5587776781758421
0.6357401797643211,0.6021728677458021,0.7379403092468376
0.6488927871025798,0.5657107027431747,0.5437852255983844
0.4595505376787254,0.45432373290882305,0.6159773096486799
0.5469400739801964,0.5094968299108048,0.6932279055430195
0.5563884338110792,0.49200612895359586,0.5945671222596589
0.5194684862909956,0.47633172510552657,0.475864991293417
0.5886507028805568,0.49987481067045847,0.6771745635546214
0.6377732613451756,0.6966736817340354,0.7250185465673396
0.6268629425846359,0.7146723954952447,0.5377452483007567
0.5604329378449575,0.6030264820939761,0.46564720650915825
0.6810582662737543,0.658206169137825,0.5715439416263965
0.4984371726445001,0.597316243014985,0.6466646660415787
0.5923962079138889,0.598072809873643,0.5352480302858575
0.6023949543033188,0.6191707537805804,0.4405426674085293
0.5297726929272322,0.7040701128936424,0.6246328466576682
0.5107934582135534,0.5195142087313117,0.6112967485119813
0.6239889115569156,0.5481781432138453,0.5278743744826709
0.5622350030395763,0.5594387645581967,0.7313247229177186
0.4743042032016871,0.4662825552361424,0.5710054471955186
0.5625627878581806,0.5473037927730209,0.4417180346477354
0.6819723072273225,0.5563341464629291,0.6814205897808414
0.5435995881975141,0.4001921201130654,0.7109109627385723
0.5121475293568118,0.6195194034874415,0.3143723017320433
0.5449328373843845,0.6837255159551997,0.578901562376571
0.5838069791763263,0.6618900669393699,0.5996720649198548
0.5964756370230699,0.5860054128500235,0.7055333168474957
0.4815264168375355,0.56728574421536,0.6624752712435473
0.7373959760817972,0.5082581810969264,0.6452542253545314
0.5425089899333354,0.5314423991702129,0.5775114928612888
0.6502596090108841,0.5772622089648611,0.6489944712339306
0.43488763871286823,0.5406275437132289,0.5625857564080108
0.5572674638256073,0.5714946558409666,0.6474897736288421
0.6891429382227581,0.6099106501945672,0.6232572022503169
0.5474805432770411,0.6370237997108109,0.6341477508852551
0.5967020811652739,0.662407954073204,0.7083636003008666
0.5253354052253236,0.5671972401677434,0.6218020480218712
0.4670878497659355,0.5315414429916301,0.5639723484419166
0.518281505981268,0.6162120611075048,0.6574654226728351
0.5765176844954132,0.6692234311836488,0.7093958970871586
0.6112088240445942,0.5271357746111232,0.6206347519740074
0.422559473517906,0.5710628041722908,0.5960406942598374
0.6442633578216713,0.5442722447185215,0.6989819995260321
0.5793234538516756,0.5091271006563424,0.6991936107075515
0.5610853090579374,0.4730572900030567,0.6930329304606762
0.6494609474548271,0.4893332337313977,0.6705009977366319
0.5153706823419506,0.5861028467263592,0.499587274478893
0.47017922337966545,0.4582229125666732,0.6169495662163973
0.4742195844882006,0.6778872969751922,0.7058007394585089
0.4797528584038275,0.4603458076171439,0.5887105499057217
0.6578497058308348,0.6039300262056126,0.5944599428490962
0.4433808717917014,0.48506471120590466,0.5492173520310208
0.5491441531946462,0.5890227289900021,0.4745271483965806
0.5182290861694125,0.5829427177246796,0.6945175144852125
0.6516284272510897,0.5736392744170711,0.5827209531561792
0.49022226687136583,0.4440408419454662,0.6107878126728008
0.6298975388018231,0.5430276069089398,0.597224454679402
0.5335525005237688,0.5677874031027721,0.5174712313546894
0.5542614173011997,0.6269086220930832,0.6271769033414732
0.6208896170133844,0.5758735776671853,0.6984153417891943
0.7363099285957158,0.6420012776524167,0.7085743099131403
0.5281588839774831,0.5334869864919167,0.6058955759567797
0.5992729702671049,0.6376326594747199,0.7017783668030182
0.6329264250804543,0.5675426270525727,0.6962627593514197
0.5523779318173232,0.55451338443943,0.6272596759845994
0.5836542705188574,0.6593790033967695,0.6714569616601239
0.6212899996221996,0.5848667308927424,0.6814556221858159
0.6304835158796396,0.5646240971427983,0.619131599916197
0.6266093869672584,0.5676640598435906,0.5762013195539207
0.5853006003592539,0.6291226615011043,0.4982128750957381
0.5469926655195272,0.6126513777695348,0.6842830721358433
0.5672594269797602,0.5075132058428556,0.7320400537163543
0.6247959018955278,0.671443910371996,0.6318767838191504
0.5324166950017001,0.5600928101140614,0.6808431561449242
0.5515767587469389,0.694343296961454,0.7208161176539278
0.629764879327103,0.6694392067564457,0.5708173197462555
0.6074062625575716,0.5858305513482325,0.5016910433817947
0.6722877791859431,0.7220003717899841,0.6570722096861166
0.6385027811264635,0.5448585867172231,0.7052615795836639
0.5744141517177899,0.5506731287715647,0.6374148017062842
0.5836363464636161,0.5556365250601905,0.5830866253490361
0.5319303198595956,0.4662719081326698,0.6267515773168613
0.6344861613413977,0.4435628385177859,0.48088595921815913
0.5766897339597952,0.6117718755044494,0.6959153761346892
0.6803096418108319,0.6737541171662219,0.6984168873364727
0.6656733949491516,0.6296101314058642,0.5371092555957397
0.5945329699579954,0.5903316572731738,0.6652621505775195
0.6572586198606261,0.4919806059575696,0.6138818909942677
0.5320449050175333,0.6684671433821383,0.6968372521543211
0.6508266316686072,0.5300240375533642,0.7837982425410172
0.64175918484402,0.7188300894013238,0.672659783829454
0.473385632935956,0.5130073473600335,0.6309129633636604
0.5110917488382636,0.6186152583296411,0.7089340789740314
0.3961686956267881,0.534044628536298,0.5699564069803784
0.5576491281396075,0.6257833992766839,0.5890365530517689
0.578678187862989,0.6938184763308021,0.644794854357928
0.5121244534773096,0.5781902457076717,0.7773215408076
0.5102638077476568,0.3974518003908517,0.655201324705745
0.6130099018062296,0.6978655562768109,0.5889981290291559
0.5941838050687083,0.5050203668785784,0.554787225364835
0.4875314475939263,0.4812577492023259,0.6876327453384576
0.6029054356897777,0.4131113712782363,0.5907237540313024
