stage,dataset,person,y,PC1,PC2,var_PC1,var_PC2
before,GSE182622,C-04-52,0,-187.2574813698584,15.942931455750683,0.6896111131231061,0.09519091201318086
before,GSE182622,C-06-57,0,-172.61796664025485,14.365302004703688,0.6896111131231061,0.09519091201318086
before,GSE182622,C-07-28,0,-126.5035323504846,18.49069839361881,0.6896111131231061,0.09519091201318086
before,GSE182622,C-09-50,0,-188.86584427782438,15.659028129909602,0.6896111131231061,0.09519091201318086
before,GSE182622,C-10-39,0,-134.7874634249246,19.367934639019936,0.6896111131231061,0.09519091201318086
before,GSE182622,C-12-44,0,-166.73290081630708,18.08171341075172,0.6896111131231061,0.09519091201318086
before,GSE182622,C-14-42,0,-139.87038160696565,12.570344802716821,0.6896111131231061,0.09519091201318086
before,GSE182622,C-15-46,0,-170.16785161588513,11.47478584222228,0.6896111131231061,0.09519091201318086
before,GSE182622,C-15-60,0,-152.3719790091946,12.038759666315302,0.6896111131231061,0.09519091201318086
before,GSE182622,C-15-78,0,-153.51077878296095,11.448274484050048,0.6896111131231061,0.09519091201318086
before,GSE182622,PD-03-43,1,-176.37559139259577,18.829927479740558,0.6896111131231061,0.09519091201318086
before,GSE182622,PD-03-45,1,-143.24016930193824,12.202715367003954,0.6896111131231061,0.09519091201318086
before,GSE182622,PD-06-44,1,-186.3072866522712,12.385314071475369,0.6896111131231061,0.09519091201318086
before,GSE182622,PD-10-27,1,-117.22330563170257,20.539586847263465,0.6896111131231061,0.09519091201318086
before,GSE182622,PD-10-83,1,-136.66838203379166,18.075016219873213,0.6896111131231061,0.09519091201318086
before,GSE182622,PD-11-110,1,-148.7630555831346,17.950160162966064,0.6896111131231061,0.09519091201318086
before,GSE182622,PD-12-22,1,-154.98026927415734,19.082486952916504,0.6896111131231061,0.09519091201318086
before,GSE182622,PD-12-33,1,-147.8422716659664,13.538747508704732,0.6896111131231061,0.09519091201318086
before,GSE182622,PD-12-55,1,-156.63011353395575,16.54249641029856,0.6896111131231061,0.09519091201318086
before,GSE182622,PD-13-29,1,-194.5327340181221,10.671522028109226,0.6896111131231061,0.09519091201318086
before,GSE182622,PD-95-19,1,-145.43249845914093,11.38838275734117,0.6896111131231061,0.09519091201318086
before,GSE182622,PD-96-36,1,-127.96738999221091,12.125664427041857,0.6896111131231061,0.09519091201318086
before,GSE20141,C-1074p-SNc,0,213.27156581896475,40.779461397660526,0.6896111131231061,0.09519091201318086
before,GSE20141,C-1271p-SNc,0,208.7412681503919,40.64329012053166,0.6896111131231061,0.09519091201318086
before,GSE20141,C-2829-SNc,0,77.7349411818906,45.33234858860936,0.6896111131231061,0.09519091201318086
before,GSE20141,C-3132p-SNc,0,210.14810555906024,40.079041834131395,0.6896111131231061,0.09519091201318086
before,GSE20141,C-3397-SNc,0,132.87996071475132,60.99506624932598,0.6896111131231061,0.09519091201318086
before,GSE20141,C-3543-SNc,0,203.79114268336565,56.646603039558045,0.6896111131231061,0.09519091201318086
before,GSE20141,C-3603-SNc,0,159.89556416554507,69.62446434522796,0.6896111131231061,0.09519091201318086
before,GSE20141,C-5220-SNc,0,216.1266933405308,52.81955241125475,0.6896111131231061,0.09519091201318086
before,GSE20141,PD-1364-SNc,1,116.30915514668757,59.316033519488336,0.6896111131231061,0.09519091201318086
before,GSE20141,PD-1401-SNc,1,77.4932204811503,49.027506331437465,0.6896111131231061,0.09519091201318086
before,GSE20141,PD-1647-SNc,1,190.63704161704513,53.58532517461082,0.6896111131231061,0.09519091201318086
before,GSE20141,PD-2515p-SNc,1,191.1347703902464,40.552969358618945,0.6896111131231061,0.09519091201318086
before,GSE20141,PD-2525-SNc,1,125.41259028883836,59.31978882332481,0.6896111131231061,0.09519091201318086
before,GSE20141,PD-3769p-SNc,1,113.94502222702333,48.12437344134474,0.6896111131231061,0.09519091201318086
before,GSE20141,PD-3790p-SNc,1,131.80902856456768,48.222715514265275,0.6896111131231061,0.09519091201318086
before,GSE20141,PD-3803p-SNc,1,199.49667261670584,42.81149676524929,0.6896111131231061,0.09519091201318086
before,GSE20141,PD-5138-SNc,1,195.287204498008,60.31258589185267,0.6896111131231061,0.09519091201318086
before,GSE20141,PD-5476-SNc,1,206.5815997552278,58.23557760108784,0.6896111131231061,0.09519091201318086
before,GSE24378,459A,0,36.16517853596049,-93.63410388176995,0.6896111131231061,0.09519091201318086
before,GSE24378,459B,0,89.33652555223023,-67.30081354640723,0.6896111131231061,0.09519091201318086
before,GSE24378,459C,0,89.03263450782603,-62.91844372522449,0.6896111131231061,0.09519091201318086
before,GSE24378,459D,0,-3.03086599434846,-93.27741828567923,0.6896111131231061,0.09519091201318086
before,GSE24378,459E,1,85.24331513575743,-70.506914450922,0.6896111131231061,0.09519091201318086
before,GSE24378,459F,1,51.40656177014445,-88.27581508223426,0.6896111131231061,0.09519091201318086
before,GSE24378,515B,1,82.37379344846849,-81.68195544957494,0.6896111131231061,0.09519091201318086
before,GSE24378,515C,0,87.58586780649735,-76.36573232661299,0.6896111131231061,0.09519091201318086
before,GSE24378,515D,1,88.91633215430932,-70.48427802850443,0.6896111131231061,0.09519091201318086
before,GSE24378,515E,1,44.34748798999874,-97.67098016953662,0.6896111131231061,0.09519091201318086
before,GSE24378,515F,1,40.84210006419151,-93.79615233494503,0.6896111131231061,0.09519091201318086
before,GSE24378,515G,1,80.55185064254803,-74.89162252550751,0.6896111131231061,0.09519091201318086
before,GSE24378,515H,0,31.725890418727253,-87.81621862685282,0.6896111131231061,0.09519091201318086
before,GSE24378,515I,0,90.63329358890536,-70.75399746195876,0.6896111131231061,0.09519091201318086
before,GSE24378,515J,1,77.44775163875758,-82.47734670175704,0.6896111131231061,0.09519091201318086
before,GSE24378,515K,0,60.59857681493076,-96.55414268630106,0.6896111131231061,0.09519091201318086
before,GSE24378,515L,0,90.95817038881225,-70.03494683474815,0.6896111131231061,0.09519091201318086
before,GSE169755,Brain2,1,-100.91801188937589,21.499114779972977,0.6896111131231061,0.09519091201318086
before,GSE169755,Brain3,0,-114.7462856156102,18.71757186374427,0.6896111131231061,0.09519091201318086
before,GSE169755,Brain4,1,-110.57366857407305,19.374042675123746,0.6896111131231061,0.09519091201318086
before,GSE169755,Brain7,0,-121.0879782356026,19.276296996261163,0.6896111131231061,0.09519091201318086
before,GSE169755,Brain11,0,-104.7550186019822,19.651594223047397,0.6896111131231061,0.09519091201318086
before,GSE169755,Brain12,1,-114.09980131342591,20.722268111013427,0.6896111131231061,0.09519091201318086
after,GSE182622,C-04-52,0,-61.035186767578125,-26.918170928955078,0.24878248572349548,0.08441411703824997
after,GSE182622,C-06-57,0,-41.87140655517578,-1.377170205116272,0.24878248572349548,0.08441411703824997
after,GSE182622,C-07-28,0,63.342159271240234,-13.059188842773438,0.24878248572349548,0.08441411703824997
after,GSE182622,C-09-50,0,-61.59740447998047,-22.256601333618164,0.24878248572349548,0.08441411703824997
after,GSE182622,C-10-39,0,37.4742546081543,-23.87002182006836,0.24878248572349548,0.08441411703824997
after,GSE182622,C-12-44,0,-19.45043182373047,-31.666528701782227,0.24878248572349548,0.08441411703824997
after,GSE182622,C-14-42,0,40.317657470703125,32.86384963989258,0.24878248572349548,0.08441411703824997
after,GSE182622,C-15-46,0,-35.34181594848633,16.976686477661133,0.24878248572349548,0.08441411703824997
after,GSE182622,C-15-60,0,10.869919776916504,37.63563537597656,0.24878248572349548,0.08441411703824997
after,GSE182622,C-15-78,0,-0.4995866119861603,31.230600357055664,0.24878248572349548,0.08441411703824997
after,GSE182622,PD-03-43,1,-53.665382385253906,-48.466331481933594,0.24878248572349548,0.08441411703824997
after,GSE182622,PD-03-45,1,23.86453628540039,33.06846237182617,0.24878248572349548,0.08441411703824997
after,GSE182622,PD-06-44,1,-65.87562561035156,18.524497985839844,0.24878248572349548,0.08441411703824997
after,GSE182622,PD-10-27,1,79.65013885498047,-29.515769958496094,0.24878248572349548,0.08441411703824997
after,GSE182622,PD-10-83,1,42.7945556640625,-14.723346710205078,0.24878248572349548,0.08441411703824997
after,GSE182622,PD-11-110,1,11.275487899780273,-21.185546875,0.24878248572349548,0.08441411703824997
after,GSE182622,PD-12-22,1,-4.978679656982422,-30.56842803955078,0.24878248572349548,0.08441411703824997
after,GSE182622,PD-12-33,1,24.04741096496582,16.999134063720703,0.24878248572349548,0.08441411703824997
after,GSE182622,PD-12-55,1,-5.636409282684326,-11.660269737243652,0.24878248572349548,0.08441411703824997
after,GSE182622,PD-13-29,1,-73.31681823730469,25.062349319458008,0.24878248572349548,0.08441411703824997
after,GSE182622,PD-95-19,1,26.94230079650879,31.288820266723633,0.24878248572349548,0.08441411703824997
after,GSE182622,PD-96-36,1,62.69028854370117,31.617334365844727,0.24878248572349548,0.08441411703824997
after,GSE20141,C-1074p-SNc,0,44.9551887512207,16.635509490966797,0.24878248572349548,0.08441411703824997
after,GSE20141,C-1271p-SNc,0,43.68613052368164,17.494932174682617,0.24878248572349548,0.08441411703824997
after,GSE20141,C-2829-SNc,0,-56.77299880981445,-1.8608149290084839,0.24878248572349548,0.08441411703824997
after,GSE20141,C-3132p-SNc,0,39.93165588378906,15.07775592803955,0.24878248572349548,0.08441411703824997
after,GSE20141,C-3397-SNc,0,-24.791400909423828,-24.359569549560547,0.24878248572349548,0.08441411703824997
after,GSE20141,C-3543-SNc,0,23.344682693481445,-15.936387062072754,0.24878248572349548,0.08441411703824997
after,GSE20141,C-3603-SNc,0,-9.622653007507324,-30.950664520263672,0.24878248572349548,0.08441411703824997
after,GSE20141,C-5220-SNc,0,32.293460845947266,-9.33755111694336,0.24878248572349548,0.08441411703824997
after,GSE20141,PD-1364-SNc,1,-31.47793960571289,-6.774899482727051,0.24878248572349548,0.08441411703824997
after,GSE20141,PD-1401-SNc,1,-53.28154754638672,-1.0595245361328125,0.24878248572349548,0.08441411703824997
after,GSE20141,PD-1647-SNc,1,11.326687812805176,-2.1488685607910156,0.24878248572349548,0.08441411703824997
after,GSE20141,PD-2515p-SNc,1,14.180778503417969,21.5376033782959,0.24878248572349548,0.08441411703824997
after,GSE20141,PD-2525-SNc,1,-30.32177734375,-0.9756436347961426,0.24878248572349548,0.08441411703824997
after,GSE20141,PD-3769p-SNc,1,-44.101043701171875,24.113067626953125,0.24878248572349548,0.08441411703824997
after,GSE20141,PD-3790p-SNc,1,-30.68143081665039,14.898241996765137,0.24878248572349548,0.08441411703824997
after,GSE20141,PD-3803p-SNc,1,26.96013641357422,19.596454620361328,0.24878248572349548,0.08441411703824997
after,GSE20141,PD-5138-SNc,1,17.355125427246094,-19.09231185913086,0.24878248572349548,0.08441411703824997
after,GSE20141,PD-5476-SNc,1,27.016921997070312,-16.857332229614258,0.24878248572349548,0.08441411703824997
after,GSE24378,459A,0,-39.546653747558594,33.644630432128906,0.24878248572349548,0.08441411703824997
after,GSE24378,459B,0,30.531742095947266,10.232934951782227,0.24878248572349548,0.08441411703824997
after,GSE24378,459C,0,33.76319885253906,0.29196909070014954,0.24878248572349548,0.08441411703824997
after,GSE24378,459D,0,-71.98871612548828,50.464569091796875,0.24878248572349548,0.08441411703824997
after,GSE24378,459E,1,21.85885238647461,-6.512808799743652,0.24878248572349548,0.08441411703824997
after,GSE24378,459F,1,-17.066265106201172,19.589820861816406,0.24878248572349548,0.08441411703824997
after,GSE24378,515B,1,15.28447151184082,-10.023271560668945,0.24878248572349548,0.08441411703824997
after,GSE24378,515C,0,20.021087646484375,-3.4204046726226807,0.24878248572349548,0.08441411703824997
after,GSE24378,515D,1,24.688549041748047,-12.256674766540527,0.24878248572349548,0.08441411703824997
after,GSE24378,515E,1,-18.04746437072754,-10.043726921081543,0.24878248572349548,0.08441411703824997
after,GSE24378,515F,1,-35.88220977783203,-14.957559585571289,0.24878248572349548,0.08441411703824997
after,GSE24378,515G,1,15.493766784667969,-3.7901387214660645,0.24878248572349548,0.08441411703824997
after,GSE24378,515H,0,-42.90602111816406,-14.623592376708984,0.24878248572349548,0.08441411703824997
after,GSE24378,515I,0,34.11516189575195,0.04675329849123955,0.24878248572349548,0.08441411703824997
after,GSE24378,515J,1,16.767242431640625,-9.503100395202637,0.24878248572349548,0.08441411703824997
after,GSE24378,515K,0,-13.224446296691895,-5.731196403503418,0.24878248572349548,0.08441411703824997
after,GSE24378,515L,0,26.137704849243164,-23.408201217651367,0.24878248572349548,0.08441411703824997
after,GSE169755,Brain2,1,3.196429967880249,-18.44458770751953,0.24878248572349548,0.08441411703824997
after,GSE169755,Brain3,0,1.7674293518066406,11.485821723937988,0.24878248572349548,0.08441411703824997
after,GSE169755,Brain4,1,2.3675291538238525,-3.4496119022369385,0.24878248572349548,0.08441411703824997
after,GSE169755,Brain7,0,-5.233543395996094,-5.2166547775268555,0.24878248572349548,0.08441411703824997
after,GSE169755,Brain11,0,4.36298131942749,25.105445861816406,0.24878248572349548,0.08441411703824997
after,GSE169755,Brain12,1,-6.4608283042907715,-9.480405807495117,0.24878248572349548,0.08441411703824997
